id,name,ti,price,time,iced,link,date_added,archived
6865296,LEGSZEBB!!! - EVGA RTX 3080 Ti 12GB GDDR6X FTW3 ULTRA GAMING - 2025.05.08-ig magyar Alza garancia!,True,249990,2025-01-14 18:15:00,False,https://hardverapro.hu/apro/evga_rtx_3080_ti_12gb_gddr6x_ftw3_ultra_gaming_202_2/friss.html,2025-01-14 12:00:00,True
6867638,"LEGSZEBB!!! - ASUS ROG STRIX RTX 3080 10GB GDDR6X OC Edition - Újszerű, hibátlan, hűvös!",False,199990,2025-01-14 18:15:00,False,https://hardverapro.hu/apro/asus_rog_strix_rtx_3080_10gb_gddr6x_oc_edition_ujs_2/friss.html,2025-01-14 12:00:00,True
6866576,"EVGA RTX 3080 Ti 12GB GDDR6X FTW3 ULTRA GAMING - Újszerű, hibátlan állapotban!",True,224990,2025-01-14 18:15:00,False,https://hardverapro.hu/apro/evga_rtx_3080_ti_12gb_gddr6x_ftw3_ultra_gaming_ujs_2/friss.html,2025-01-14 12:00:00,True
6868331,Gigabyte RTX 3080 Ti EAGLE 12G videokártya garanciával,True,209000,2025-01-14 18:12:00,True,https://hardverapro.hu/apro/gigabyte_rtx_3080_ti_eagle_12g_videokartya_garanci/friss.html,2025-01-14 12:00:00,True
6864614,EVGA GeForce RTX 3080 Ti 12GB XC3 ULTRA Gaming - Garancia,True,219990,2025-01-14 18:12:00,False,https://hardverapro.hu/apro/evga_geforce_rtx_3080_ti_12gb_xc3_ultra_gaming_gar/friss.html,2025-01-14 12:00:00,True
6863717,MSI RTX 3080 GAMING Z TRIO 10G videokártya garanciával,False,170000,2025-01-14 18:12:00,True,https://hardverapro.hu/apro/msi_rtx_3080_gaming_z_trio_10g_videokartya_garanci_2/friss.html,2025-01-14 12:00:00,True
6869411,MSI Suprim X RTX 3080 10GB,False,175000,2025-01-14 18:10:00,False,https://hardverapro.hu/apro/msi_suprim_x_rtx_3080_10gb_2/friss.html,2025-01-14 12:00:00,True
6809381,EVGA RTX 3080 FTW3 Ultra Gaming 10Gb (LHR) - Granciális 2025.08.,False,220000,2025-01-14 18:00:00,False,https://hardverapro.hu/apro/evga_rtx_3080_ftw3_ultra_gaming_10gb_lhr_granciali/friss.html,2025-01-14 12:00:00,True
6308136,3080 EVGA TÖBB TÍPUS 165000 ft !!!!!!!!!!!!!!!!!,False,170000,2025-01-14 18:00:00,False,https://hardverapro.hu/apro/3080_founder_edition/friss.html,2025-01-14 12:00:00,False
6869371,Asus TUF Gaming OC RTX 3080 10GB,False,165000,2025-01-14 17:41:00,False,https://hardverapro.hu/apro/asus_tuf_gaming_oc_rtx_3080_10gb/friss.html,2025-01-14 12:00:00,True
6858131,EVGA 10G-P5-3897-KR GeForce RTX 3080 10GB GDDR6X FTW3 ULTRA GAMING - GARIS,False,179990,2025-01-14 17:40:00,False,https://hardverapro.hu/apro/evga_10g-p5-3897-kr_geforce_rtx_3080_10gb_gddr6x_f/friss.html,2025-01-14 12:00:00,True
6867539,"Eladó MSI GeForce RTX 3080 SUPRIM X, NON-LHR, 10GB GDDR6X Videókártya",False,199990,2025-01-14 17:03:00,True,https://hardverapro.hu/apro/elado_msi_geforce_rtx_3080_suprim_x_non-lhr_10gb_g/friss.html,2025-01-14 12:00:00,True
6857151,Gainward GeForce RTX 3080 Phantom+,False,170000,2025-01-14 16:47:00,True,https://hardverapro.hu/apro/gainward_geforce_rtx_3080_phantom_meg_garancialis/friss.html,2025-01-14 12:00:00,True
6748198,MSI nVidia GeForce RTX 3080 Ti VENTUS 3X 12GB GDDR6X használt videokártya garanciával!,True,229000,2025-01-14 14:00:00,True,https://hardverapro.hu/apro/msi_nvidia_geforce_rtx_3080_ti_ventus_3x_12gb_gddr/friss.html,2025-01-14 12:00:00,True
6865154,Zotac AMP Extreme Holo RTX 3080 Ti 12GB,True,215000,2025-01-14 13:50:00,True,https://hardverapro.hu/apro/zotac_amp_extreme_holo_rtx_3080_ti_12gb/friss.html,2025-01-14 12:00:00,True
6867972,Geforce RTX 3080 GamingPro elado,False,157000,2025-01-14 13:04:00,True,https://hardverapro.hu/apro/geforce_rtx_3080_gamingpro_elado/friss.html,2025-01-14 12:00:00,True
6812353,Zotac RTX 3080 Trinity OC 10GB /Jótállással!/Dobozos!/Beszámítás!/ Posta OK!,False,162990,2025-01-14 12:00:00,True,https://hardverapro.hu/apro/zotac_rtx_3080_trinity_oc_10gb_jotallassal_dobozos/friss.html,2025-01-14 12:00:00,True
6853863,INGYENES SZÁLLÍTÁS! EVGA GeForce FTW3 ULTRA GAMING RTX 3080 Ti 12GB GDDR6X 384bit,True,190000,2025-01-14 12:00:00,True,https://hardverapro.hu/apro/evga_geforce_ftw3_ultra_gaming_rtx_3080_ti_12gb_gd_8/friss.html,2025-01-14 12:00:00,True
6867027,Gainward RTX 3080 Phoenix 10GB/GDDR6X 320bit,False,167999,2025-01-14 10:19:00,False,https://hardverapro.hu/apro/gainward_rtx_3080_phoenix_10gb_gddr6x_320bit/friss.html,2025-01-14 12:00:00,True
6860671,12 GB-os RTX 3080 Ti OEM,True,179900,2025-01-14 10:00:00,True,https://hardverapro.hu/apro/12_gb-os_rtx_3080_ti_oem/friss.html,2025-01-14 12:00:00,False
6868297,MSI RTX 3080 TI Gaming X Trio,True,235000,2025-01-14 21:54:00,True,https://hardverapro.hu/apro/msi_rtx_3080_ti_gaming_x_trio_2/friss.html,2025-01-14 12:00:00,True
6863342,Eladó RTX 3080 12GB GDDR6X Videókártya!,False,190000,2025-01-14 19:31:00,False,https://hardverapro.hu/apro/elado_rtx_3080_12gb_gddr6x_videokartya/friss.html,2025-01-14 12:00:00,True
6855450,Palit GameRock RTX3080 10Gb,False,170000,2025-01-14 18:59:00,False,https://hardverapro.hu/apro/palit_gamerock_rtx3080_10gb_2/friss.html,2025-01-14 12:00:00,True
6846521,3080 ti zotac trinity oc 12gb,True,200000,2025-01-14 17:34:00,False,https://hardverapro.hu/apro/3080_ti_zotac_trinity_oc_12gb/friss.html,2025-01-14 12:00:00,True
6835850,EVGA RTX 3080 FTW3 ULTRA GAMING (10G-P5-3897),False,199999,2025-01-14 09:33:00,False,https://hardverapro.hu/apro/evga_rtx_3080_ftw3_ultra_gaming_10g-p5-3897_2/friss.html,2025-01-14 12:00:00,True
6866148,ASUS ROG Strix RTX 3080 10G White,False,200000,2025-01-18 12:00:00,True,https://hardverapro.hu/apro/asus_rog_strix_rtx_3080_10g_white/friss.html,2025-01-14 12:00:00,True
6866001,KFA2 RTX 3080 SG LHR (1-Click OC Feature),False,180000,2025-01-18 12:00:00,False,https://hardverapro.hu/apro/kfa2_rtx_3080_sg_lhr_1-click_oc_feature/friss.html,2025-01-14 12:00:00,True
6863019,Gigabyte GeForce RTX 3080 TURBO 10GB videó kártya 3hó garancia GV-M3080TURBO-10GD,False,155000,2025-01-18 12:00:00,True,https://hardverapro.hu/apro/gigabyte_geforce_rtx_3080_turbo_10gb_video_kartya/friss.html,2025-01-14 12:00:00,True
6845688,MSI GEFORCE RTX 3080TI GAMING X TRIO LHR 12 GB,True,250000,2025-01-17 12:00:00,False,https://hardverapro.hu/apro/msi_geforce_rtx_3080ti_gaming_x_trio_lhr_12_gb/friss.html,2025-01-14 12:00:00,True
6845699,MSI GEFORCE RTX 3080 TI SUPRIM X LHR 12GB,True,250000,2025-01-17 12:00:00,True,https://hardverapro.hu/apro/msi_geforce_rtx_3080_ti_suprim_x_lhr_12gb/friss.html,2025-01-14 12:00:00,True
6838688,Garanciális EVGA GeForce RTX 3080 FTW3 ULTRA GAMING.,False,174999,2025-01-17 12:00:00,False,https://hardverapro.hu/apro/garancialis_evga_geforce_rtx_3080_ftw3_ultra_gamin_3/friss.html,2025-01-14 12:00:00,True
6838689,Garanciális Gainward GeForce Phoenix RTX 3080 Ti 12GB,True,199999,2025-01-17 12:00:00,False,https://hardverapro.hu/apro/garancialis_gainward_geforce_phoenix_rtx_3080_ti_1/friss.html,2025-01-14 12:00:00,True
6864789,EVGA RTX3080 XC3 ULTRA GAMING 10GB GDDR6X,False,160000,2025-01-17 12:00:00,True,https://hardverapro.hu/apro/evga_rtx3080_xc3_ultra_gaming_10gb_gddr6x/friss.html,2025-01-14 12:00:00,True
6859616,Zotac RTX 3080 AMP HOLO /Jótállással!/Dobozos!/Beszámítás!/Posta OK!,False,168000,2025-01-17 12:00:00,True,https://hardverapro.hu/apro/garancialis_gamer_szamitogep_pc_i5-9400f_gtx_1660/friss.html,2025-01-14 12:00:00,True
6864366,EVGA XC3 3080 Ti 12GB,True,230000,2025-01-17 12:00:00,True,https://hardverapro.hu/apro/evga_xc3_3080_ti_12gb/friss.html,2025-01-14 12:00:00,True
6859103,3080Ti FE,True,230000,2025-01-17 12:00:00,True,https://hardverapro.hu/apro/3080ti_fe_2/friss.html,2025-01-14 12:00:00,True
6862417,Nvidia RTX 3080 FE JEGELVE w580 kollégának,False,154990,2025-01-16 12:00:00,True,https://hardverapro.hu/apro/nvidia_rtx_3080_founders_edition_10gb_gddr6x/friss.html,2025-01-14 12:00:00,True
6831466,Asus ROG Strix 3080 Ti OC JAVITOTT,True,200000,2025-01-16 12:00:00,True,https://hardverapro.hu/apro/asus_rog_strix_3080_ti_oc_javitott/friss.html,2025-01-14 12:00:00,True
6861339,KFA2 RTX 3080 SG 1-Click OC LHR 10GB eladó!,False,165000,2025-01-15 12:00:00,True,https://hardverapro.hu/apro/kfa2_rtx_3080_sg_1-click_oc_lhr_10gb_elado_2/friss.html,2025-01-14 12:00:00,True
6860675,10 GB-os RTX 3080 OEM,False,149900,2025-01-15 12:00:00,True,https://hardverapro.hu/apro/10_gb-os_rtx_3080_oem/friss.html,2025-01-14 12:00:00,False
6856514,ELKELT - MSI GeForce RTX 3080 Ti VENTUS 3X 12G - garanciával,True,190000,2025-01-15 12:00:00,True,https://hardverapro.hu/apro/msi_geforce_rtx_3080_ti_ventus_3x_12g_garanciaval/friss.html,2025-01-14 12:00:00,True
6857320,Palit GameRock RTX3080 10GB,False,166000,2025-01-13 12:00:00,True,https://hardverapro.hu/apro/palit_gamerock_rtx3080_10gb_3/friss.html,2025-01-14 12:00:00,True
6855699,Geforce RTX 3080 10gb Rog strix,False,180000,2025-01-12 12:00:00,False,https://hardverapro.hu/apro/geforce_rtx_3080_10gb_rog_strix/friss.html,2025-01-14 12:00:00,True
6851654,EVGA GeForce RTX 3080 FTW3 ULTRA GAMING ------ 4 ÉV GARANCIA------------------,False,200000,2025-01-09 12:00:00,True,https://hardverapro.hu/apro/evga_geforce_rtx_3080_ftw3_ultra_gaming_4_ev_garan/friss.html,2025-01-14 12:00:00,True
6851160,Elado Gigabyte 3080 Turbo 10GB,False,140000,2025-01-08 12:00:00,True,https://hardverapro.hu/apro/elado_gigabyte_3080_turbo_10gb/friss.html,2025-01-14 12:00:00,True
6871354,GIGABYTE AORUS GeForce RTX 3080 10GB GDDR6X GAMING BOX - kész eGPU (Notebook-hoz),False,165000,2025-01-14 21:50:00,False,https://hardverapro.hu/apro/gigabyte_aorus_geforce_rtx_3080_10gb_gddr6x_gaming/friss.html,2025-01-14 12:00:00,True
6870678,Eladó! Nvidia RTX 3080 Founders Edition 10GB,False,150000,2025-01-14 15:31:00,False,https://hardverapro.hu/apro/elado_nvidia_rtx_3080_founders_edition_10gb/friss.html,2025-01-14 12:00:00,True
6859022,RTX 3080 Ti,True,245000,2025-01-14 19:21:00,False,https://hardverapro.hu/apro/rtx_3080_ti_2/friss.html,2025-01-14 12:00:00,True
6849493,Gainward rtx 3080ti,True,215000,2025-01-07 12:00:00,True,https://hardverapro.hu/apro/gainward_rtx_3080ti/friss.html,2025-01-14 12:00:00,True
6846949,ASUS TUF RTX 3080 Ti 12GB / BESZÁMÍTÁS,True,213000,2025-01-06 12:00:00,True,https://hardverapro.hu/apro/asus_tuf_rtx_3080_ti_12gb_beszamitas/friss.html,2025-01-14 12:00:00,True
6840695,NVIDIA GeForce RTX 3080 Founders Edition 10GB GDDR6X Graphics Card,False,180000,2025-01-02 12:00:00,False,https://hardverapro.hu/apro/nvidia_geforce_rtx_3080_founders_edition_10gb_gddr_2/friss.html,2025-01-14 12:00:00,False
6831937,ZOTAC GAMING RTX 3080 Ti AMP HOLO 12 GB / BESZÁMÍTÁS,True,197000,2024-12-24 12:00:00,True,https://hardverapro.hu/apro/zotac_geforce_trinity_rtx_3080_ti_oc_12gb_beszamit/friss.html,2025-01-14 12:00:00,True
6830112,nVidia RTX 3080 Founders Edition 10GB GDDR6X videokártya,False,158000,2024-12-23 12:00:00,True,https://hardverapro.hu/apro/nvidia_rtx_3080_founders_edition_10gb_gddr6x_video/friss.html,2025-01-14 12:00:00,True
6871677,Rtx 3080 Ti,True,179800,2025-01-14 09:48:00,False,https://hardverapro.hu/apro/rtx_3080_ti_5/friss.html,2025-01-14 12:00:00,True
6871517,EVGA FTW3 RTX3080 10Gb,False,165000,2025-01-14 04:28:00,False,https://hardverapro.hu/apro/evga_ftw3_rtx3080_10gb_6/friss.html,2025-01-14 12:00:00,True
6871926,Gainward GeForce Phantom RTX 3080 Ti 12GB GDDR6X 384bit ALZA garanciával,True,230000,2025-01-22 12:13:00,False,https://hardverapro.hu/apro/gainward_geforce_phantom_rtx_3080_ti_12gb_gddr6x_3_2/friss.html,2025-01-22 11:56:54,True
6871916,"MINT AZ ÚJ! - MSI RTX 3080 Ti 12GB GDDR6X GAMING X TRIO 12G - Gyönyörű, hibátlan állapotban!",True,239990,2025-01-22 12:04:00,False,https://hardverapro.hu/apro/msi_rtx_3080_ti_12gb_gddr6x_gaming_x_trio_12g_gyon/friss.html,2025-01-22 11:56:54,True
6794455,Gigabyte RTX 3080 AORUS MASTER 10GB GDDR6X - LCD Kijelzővel - Beszámítás: OK,False,179990,2025-01-22 20:25:00,False,https://hardverapro.hu/apro/vram_mod/friss.html,2025-01-22 22:11:35,True
6873017,Asus TUF Gaming RTX 3080 10GB,False,250000,2025-01-23 06:54:00,False,https://hardverapro.hu/apro/asus_tuf_gaming_rtx_3080_10gb/friss.html,2025-01-23 07:10:49,True
6873065,"LEGSZEBB!!! - ASUS ROG STRIX RTX 3080 10GB GDDR6X OC Edition - Újszerű, hibátlan, hűvös!",False,199990,2025-01-23 08:27:00,False,https://hardverapro.hu/apro/asus_rog_strix_rtx_3080_10gb_gddr6x_oc_edition_ujs_3/friss.html,2025-01-23 12:16:49,True
6874049,"ZOTAC GAMING GeForce RTX 3080 Trinity, 10GB, 4hónap gar",False,165000,2025-01-23 19:10:00,False,https://hardverapro.hu/apro/zotac_gaming_geforce_rtx_3080_trinity_10gb_4honap/friss.html,2025-01-23 20:23:30,True
6874423,ZOTAC AMP Holo 3080 Ti 12GB,True,214900,2025-01-24 06:56:00,False,https://hardverapro.hu/apro/zotac_amp_holo_3080_ti_12gb/friss.html,2025-01-24 07:10:36,True
6874792,"HP Omen Geforce RTX 3080 ti 12GB GDDR6X videokártya - hibátlan, garanciális számlával",True,210000,2025-01-24 12:20:00,True,https://hardverapro.hu/apro/hp_omen_geforce_rtx_3080_ti_12gb_gddr6x_videokarty/friss.html,2025-01-24 12:16:17,True
6874698,LEGSZEBB!!! - EVGA RTX 3080 Ti 12GB GDDR6X FTW3 ULTRA GAMING - 2025.05.08-ig magyar Alza garancia!,True,249990,2025-01-24 11:10:00,False,https://hardverapro.hu/apro/legszebb_evga_rtx_3080_ti_12gb_gddr6x_ftw3_ultra_g/friss.html,2025-01-24 12:16:17,True
6875125,GIGABYTE GeForce RTX 3080 GAMING OC 10G videokártya (használt),False,169990,2025-01-24 17:05:00,False,https://hardverapro.hu/apro/gigabyte_geforce_rtx_3080_gaming_oc_10g_videokarty_3/friss.html,2025-01-24 16:20:06,True
6875089,RTX 3080 MSI SUPRIM X 10GB,False,169999,2025-01-24 15:57:00,False,https://hardverapro.hu/apro/rtx_3080_msi_suprim_x_10gb/friss.html,2025-01-24 16:20:06,True
6874994,ASUS TUF Gaming RTX 3080Ti 12GB OC Edition GARANCIA 2025.11.,True,234000,2025-01-24 14:54:00,True,https://hardverapro.hu/apro/asus_tuf_gaming_rtx_3080ti_12gb_oc_edition_garanci/friss.html,2025-01-24 16:20:06,True
6875929,Eladó Manli RTX3080 10GB még Garanciás!,False,170000,2025-01-25 10:56:00,False,https://hardverapro.hu/apro/elado_manli_rtx3080_10gb_meg_garancias/friss.html,2025-01-25 12:14:11,True
6876316,NVidia GeForce 3080Ti 12 GB Founders Edition,True,285000,2025-01-25 14:43:00,False,https://hardverapro.hu/apro/nvidia_geforce_3080ti_12_gb_founders_edition/friss.html,2025-01-25 16:19:22,False
6877085,Manli rtx 3080 ti,True,205000,2025-01-25 23:07:00,False,https://hardverapro.hu/apro/manli_rtx_3080_ti_3/friss.html,2025-01-25 22:11:46,True
6876950,RTX 3080 SuprimX 10GB,False,165000,2025-01-25 20:55:00,True,https://hardverapro.hu/apro/rtx3080_suprimx_10gb/friss.html,2025-01-25 22:11:46,True
6876918,ASUS ROG STRIX RTX 3080 10GB GDDR6X OC,False,200000,2025-01-25 20:40:00,True,https://hardverapro.hu/apro/asus_rog_strix_rtx_3080_10gb_gddr6x_oc/friss.html,2025-01-25 22:11:46,True
6864875,Asus ROG STRIX RTX 3080 O10G White V2,False,190000,2025-01-26 01:18:00,True,https://hardverapro.hu/apro/asus_rog_strix_rtx_3080_o10g_white_v2_3/friss.html,2025-01-26 07:09:32,True
6877536,"Zotac RTX 3080 Trinity OC 10GB Dobozos, vga támasztóval!",False,170000,2025-01-26 11:34:00,False,https://hardverapro.hu/apro/zotac_rtx_3080_trinity_oc_10gb_dobozos_vga_tamaszt/friss.html,2025-01-26 12:14:10,True
6877267,"EVGA RTX 3080 Ti 12GB GDDR6X FTW3 ULTRA GAMING - Újszerű, hibátlan állapotban!",True,220000,2025-01-26 08:54:00,False,https://hardverapro.hu/apro/evga_rtx_3080_ti_12gb_gddr6x_ftw3_ultra_gaming_ujs_3/friss.html,2025-01-26 12:14:10,True
6877965,GIGABYTE GeForce RTX 3080 VISION OC 10Gb,False,198000,2025-01-26 15:00:00,True,https://hardverapro.hu/apro/gigabyte_geforce_rtx_3080_vision_oc_10gb/friss.html,2025-01-26 16:18:11,True
6877390,EVGA FTW3 RTX 3080 10GB,False,159990,2025-01-26 10:22:00,True,https://hardverapro.hu/apro/evga_ftw3_rtx_3080_10gb_2/friss.html,2025-01-26 16:18:12,True
6878713,Zotac Gaming Rtx 3080 eladó. Az ár fix!,False,160000,2025-01-26 22:17:00,True,https://hardverapro.hu/apro/zotac_gaming_rtx_3080_elado_az_ar_fix/friss.html,2025-01-26 22:10:29,True
6878554,3080Ti FTW3 Ultra,True,205000,2025-01-26 20:14:00,False,https://hardverapro.hu/apro/3080ti_ftw3_ultra/friss.html,2025-01-26 22:10:29,False
6879592,Evga geforce rtx 3080 ti xc3 ultra gaming 12GB,True,219000,2025-01-27 15:59:00,False,https://hardverapro.hu/apro/evga_geforce_rtx_3080_ti_xc3_ultra_gaming/friss.html,2025-01-27 16:21:22,True
6880358,"LEGSZEBB!!! - MSI RTX 3080 Ti 12GB GDDR6X GAMING X TRIO 12G - Gyönyörű, hibátlan állapotban!",True,239990,2025-01-28 07:52:00,False,https://hardverapro.hu/apro/legszebb_msi_rtx_3080_ti_12gb_gddr6x_gaming_x_trio/friss.html,2025-01-28 07:10:31,True
6880640,RTX 3080 VISION OC,False,184999,2025-01-28 11:42:00,False,https://hardverapro.hu/apro/rtx_3080_vision_oc/friss.html,2025-01-28 12:16:26,True
6880396,Palit GameRock RTX 3080 10Gb,False,160000,2025-01-28 08:35:00,True,https://hardverapro.hu/apro/palit_gamerock_rtx_3080_10gb_2/friss.html,2025-01-28 12:16:26,True
6881007,"LEGSZEBB!!! - ASUS ROG STRIX RTX 3080 10GB GDDR6X OC Edition - Újszerű, hibátlan, hűvös!",False,199990,2025-01-28 16:11:00,False,https://hardverapro.hu/apro/legszebb_asus_rog_strix_rtx_3080_10gb_gddr6x_oc_ed/friss.html,2025-01-28 16:20:23,True
6880966,EVGA RTX 3080 Ti FTW3 ULTRA GAMING12GB /AKÁR 12H GARANCIA/ BESZÁMÍTÁS,True,203000,2025-01-28 15:48:00,True,https://hardverapro.hu/apro/evga_rtx_3080_ti_ftw3_ultra_gaming12gb_akar_12h_ga/friss.html,2025-01-28 16:20:23,True
6880847,Palit Gamerock RTX 3080 OC 10GB,False,150000,2025-01-28 14:29:00,True,https://hardverapro.hu/apro/palit_gamerock_rtx_3080_oc_10gb/friss.html,2025-01-28 16:20:23,True
6880772,Garanciális Gainward GeForce Phoenix RTX 3080 Ti 12GB,True,199999,2025-01-28 13:26:00,False,https://hardverapro.hu/apro/garancialis_gainward_geforce_phoenix_rtx_3080_ti_1_2/friss.html,2025-01-28 16:20:23,True
6881595,MSI RTX 3080 Ti Gaming X Trio,True,220000,2025-01-28 22:28:00,True,https://hardverapro.hu/apro/msi_rtx_3080_ti_gaming_x_trio_4/friss.html,2025-01-28 22:11:26,True
6881556,EVGA Geforce RTX 3080 FTW3 ULTRA 10 GB,False,165000,2025-01-28 21:57:00,False,https://hardverapro.hu/apro/evga_geforce_rtx_3080_ftw3_ultra_10_gb/friss.html,2025-01-28 22:11:26,True
6881448,Gainward RTX 3080 10 GB,False,160000,2025-01-28 20:45:00,True,https://hardverapro.hu/apro/gainward_rtx_3080_10_gb/friss.html,2025-01-28 22:11:26,True
6882093,"ASUS TUF Gaming GeForce RTX 3080 (LHR) dobozában, mint az új , frissen pasztázva",False,159990,2025-01-29 11:55:00,True,https://hardverapro.hu/apro/asus_tuf_gaming_geforce_rtx_3080_lhr_dobozaban_min/friss.html,2025-01-29 12:16:32,True
6881937,HIBÁTLAN Asus TUF Gaming RTX 3080 10GB OC V2 (LHR),False,180000,2025-01-29 10:35:00,True,https://hardverapro.hu/apro/hibatlan_asus_tuf_gaming_rtx_3080_10gb_oc_v2/friss.html,2025-01-29 12:16:32,True
6882636,DELL GeForce RTX 3080 10GB MS-V389 videó kártya,False,164990,2025-01-29 17:16:00,False,https://hardverapro.hu/apro/dell_geforce_rtx_3080_10gb_ms-v389_video_kartya/friss.html,2025-01-29 16:21:13,True
6882594,Evga geforce rtx 3080 ti xc3 ultra gaming 12GB,True,210000,2025-01-29 16:56:00,False,https://hardverapro.hu/apro/evga_geforce_rtx_3080_ti_xc3_ultra_gaming_12gb/friss.html,2025-01-29 16:21:13,True
6882255,"HP RTX 3080 Ti 12 GB - vízhűtéses, gyári is megvan.",True,230000,2025-01-29 13:33:00,True,https://hardverapro.hu/apro/hp_rtx_3080_ti_12_gb_vizhuteses_gyari_is_megvan/friss.html,2025-01-29 16:21:13,True
6714159,Gigabyte RTX 3080 12GB /Jótállással!/Dobozos!/Beszámítás!/ Posta ok!,False,159999,2025-01-29 16:50:00,True,https://hardverapro.hu/apro/evga_80_gold_1000w_jotallassal_dobozos_posta_ok/friss.html,2025-01-29 22:11:59,False
6883137,AORUS GeForce RTX 3080 XTREME WATERFORCE 10G (rev. 1.0),False,180000,2025-01-29 23:26:00,False,https://hardverapro.hu/apro/aorus_geforce_rtx_3080_xtreme_waterforce_10g_rev_1_3/friss.html,2025-01-30 06:20:44,True
6883597,Geforce 3080 RTX gaming X trio 10 g,False,200000,2025-01-30 12:15:00,False,https://hardverapro.hu/apro/geforce_3080_rtx_gaming_x_trio_10_g/friss.html,2025-01-30 11:18:04,True
6884277,EVGA RTX 3080 Ti 12GB GDDR6X FTW3 ULTRA GAMING - 2025.05.08-ig magyar Alza garancia!,True,249990,2025-01-30 19:05:00,False,https://hardverapro.hu/apro/evga_rtx_3080_ti_12gb_gddr6x_ftw3_ultra_gaming_202_3/friss.html,2025-01-30 18:27:21,True
6884125,Inno3D GeForce iChill X4 RTX 3080 Ti 12GB,True,220000,2025-01-30 17:52:00,False,https://hardverapro.hu/apro/inno3d_geforce_ichill_x4_rtx_3080_ti_12gb/friss.html,2025-01-30 18:27:21,True
6884396,ASUS TUF Gaming GeForce RTX 3080 V2 OC Edition 2026-ig garancia,False,189990,2025-01-30 20:27:00,True,https://hardverapro.hu/apro/asus_tuf_gaming_geforce_rtx_3080_v2_oc_edition_202/friss.html,2025-01-30 20:18:52,True
6884546,MSI RTX 3080 Ti VENTUS 3X 12GB GDDR6X 384bit,True,200000,2025-01-30 23:58:00,True,https://hardverapro.hu/apro/msi_rtx_3080_ti_ventus_3x_12gb_oc_gddr6x_384bit/friss.html,2025-01-31 06:21:36,True
6884763,ASUS ROG STRIX RTX 3080 GAMING OC WHITE - Garancia,False,199990,2025-01-31 09:33:00,False,https://hardverapro.hu/apro/asus_rog_strix_rtx_3080_gaming_oc_white_garancia/friss.html,2025-01-31 10:19:36,True
6884892,Gigabyte RTX 3080 Gaming OC 10G eladó!,False,149990,2025-01-31 11:23:00,True,https://hardverapro.hu/apro/gigabyte_rtx_3080_gaming_oc_10g_elado/friss.html,2025-01-31 11:16:38,True
6884973,GeForce RTX 3080 TURBO 10G,False,155000,2025-01-31 12:26:00,False,https://hardverapro.hu/apro/geforce_rtx_3080_turbo_10g_2/friss.html,2025-01-31 13:14:24,True
6885773,Asus Rog Strix RTX3080 10Gb White,False,160000,2025-01-31 20:33:00,True,https://hardverapro.hu/apro/asus_rog_strix_rtx3080_10gb_white_2/friss.html,2025-01-31 20:18:24,True
6885908,Nvidia RTX 3080 TI Founders Edition,True,225000,2025-01-31 22:53:00,False,https://hardverapro.hu/apro/nvidia_rtx_3080_ti_founders_edition_5/friss.html,2025-01-31 22:14:46,True
6885843,GeForce RTX 3080 Ti GAMING OC 12G,True,235000,2025-01-31 21:39:00,True,https://hardverapro.hu/apro/geforce_rtx_3080_ti_gaming_oc_12g/friss.html,2025-01-31 22:14:46,True
6885815,MSI RTX 3080 SUPRIM X 10G videokártya garanciával,False,175000,2025-01-31 21:20:00,True,https://hardverapro.hu/apro/msi_rtx_3080_suprim_x_10g_videokartya_garanciaval/friss.html,2025-01-31 22:14:46,True
6886323,EVGA GeForce RTX 3080 FTW3 ULTRA GAMING LHR 10GB GDDR6X,False,160000,2025-02-01 11:15:00,True,https://hardverapro.hu/apro/evga_geforce_rtx_3080_ftw3_ultra_gaming_lhr_10gb_g/friss.html,2025-02-01 10:17:59,True
6886945,ZOTAC GeForce Trinity RTX 3080 10GB OC GDDR6X,False,170000,2025-02-01 16:34:00,False,https://hardverapro.hu/apro/zotac_geforce_trinity_rtx_3080_10gb_oc_gddr6x_4/friss.html,2025-02-01 16:12:45,True
6886849,"Gigabyte Gaming OC RTX 3080 10GB LHR - Dobozában, tartozékaival együtt!",False,164990,2025-02-01 15:44:00,False,https://hardverapro.hu/apro/gigabyte_gaming_oc_rtx_3080_10gb_lhr_dobozaban_tar/friss.html,2025-02-01 16:12:45,True
6887111,MSI RTX 3080 TRIO Z,False,175000,2025-02-01 18:05:00,True,https://hardverapro.hu/apro/msi_rtx_3080_trio_z/friss.html,2025-02-01 18:24:34,True
6887351,MSI RTX 3080 Ti GAMING X TRIO 12G videokártya garanciával,True,215000,2025-02-01 22:36:00,True,https://hardverapro.hu/apro/msi_rtx_3080_ti_gaming_x_trio_12g_videokartya_gara/friss.html,2025-02-01 22:15:09,True
6887309,EVGA 3080 10Gb,False,190000,2025-02-01 21:42:00,True,https://hardverapro.hu/apro/evga_3080_10gb_3/friss.html,2025-02-01 22:15:09,True
6887478,Evga FTW3 Ultra Rtx 3080,False,195000,2025-02-02 08:15:00,False,https://hardverapro.hu/apro/evga_ftw3_ultra_rtx_3080_4/friss.html,2025-02-02 08:08:37,True
6887630,Eladó ASUS GeForce RTX 3080 10GB ROG Strix videokártya (ROG-STRIX-RTX3080-O10G-V2-GAMING),False,195000,2025-02-02 10:04:00,True,https://hardverapro.hu/apro/elado_asus_geforce_rtx_3080_10gb_rog_strix_videoka/friss.html,2025-02-02 10:18:00,True
6887835,Asus Rog Strix 3080,False,120000,2025-02-02 12:07:00,False,https://hardverapro.hu/apro/asus_rog_strix_3080_7/friss.html,2025-02-02 11:15:56,True
6888508,GIGABYTE Geforce RTX 3080Ti Gaming OC 12G 384bit,True,219990,2025-02-02 16:57:00,True,https://hardverapro.hu/apro/gigabyte_geforce_rtx_3080ti_gaming_oc_12g_384bit/friss.html,2025-02-02 16:13:13,True
6888264,HP RTX 3080 10GB,False,150000,2025-02-02 15:26:00,True,https://hardverapro.hu/apro/hp_rtx_3080_10gb/friss.html,2025-02-02 16:13:13,True
6888558,ZOTAC Trinity RTX 3080 10GB OC GDDR6X Videokártya,False,175800,2025-02-02 17:18:00,False,https://hardverapro.hu/apro/zotac_trinity_rtx_3080_10gb_oc_gddr6x_videokartya_2/friss.html,2025-02-02 18:26:28,True
6888270,Eladó Zotac RTX 3080 AMP Holoblack,False,150000,2025-02-02 15:30:00,False,https://hardverapro.hu/apro/elado_zotac_rtx_3080_amp_holoblack/friss.html,2025-02-02 18:26:28,True
6889331,"EVGA RTX 3080 Ti 12GB GDDR6X FTW3 ULTRA GAMING - Újszerű, hibátlan állapotban!",True,224990,2025-02-03 08:38:00,True,https://hardverapro.hu/apro/evga_rtx_3080_ti_12gb_gddr6x_ftw3_ultra_gaming_ujs_4/friss.html,2025-02-03 08:11:02,True
6889328,"ASUS ROG STRIX RTX 3080 10GB GDDR6X OC Edition - Újszerű, hibátlan, hűvös!",False,199990,2025-02-03 08:36:00,True,https://hardverapro.hu/apro/legszebb_asus_rog_strix_rtx_3080_10gb_gddr6x_oc_ed_2/friss.html,2025-02-03 08:11:02,True
6889644,EVGA FTW3 RTX3080 10Gb,False,160000,2025-02-03 12:17:00,True,https://hardverapro.hu/apro/evga_ftw3_rtx3080_10gb_7/friss.html,2025-02-03 13:15:24,True
6889823,GAINWARD GeForce RTX 3080 Ti Phoenix 12GB - Dobozzal-Garanciával,True,260000,2025-02-03 14:18:00,True,https://hardverapro.hu/apro/gainward_geforce_rtx_3080_ti_phoenix_12gb_dobozzal/friss.html,2025-02-03 14:13:03,True
6890281,MAKULÁTLAN Gigabyte RTX 3080 GAMING OC,False,159000,2025-02-03 18:16:00,True,https://hardverapro.hu/apro/makulatlan_gigabyte_rtx_3080_gaming_oc/friss.html,2025-02-03 18:27:35,True
6890765,"REFURBISHED MSI/ASUS/GIGABYTE/EVGA NVIDIA GeForce RTX 3080 VIDEÓKÁRTYÁK -1 év garanciával, számlával",False,199900,2025-02-04 06:46:00,False,https://hardverapro.hu/apro/refurbished_msi_asus_gigabyte_evga_nvidia_geforce_2/friss.html,2025-02-04 06:21:15,True
6891070,ZOTAC RTX 3080 Ti AMP Holo 12GB - GARIS,True,204999,2025-02-04 11:25:00,False,https://hardverapro.hu/apro/zotac_rtx_3080_ti_amp_holo_12gb_garis/friss.html,2025-02-04 11:17:24,True
6891227,Alphacool RTX 3080 10GB,False,150000,2025-02-04 13:23:00,True,https://hardverapro.hu/apro/alphacool_rtx_3080/friss.html,2025-02-04 13:16:07,True
6891176,Gigabyte GeForce RTX3080 TI Vision OC 12Gb videokártya,True,210000,2025-02-04 12:52:00,True,https://hardverapro.hu/apro/gigabyte_geforce_rtx3080_ti_vision_oc_12gb_videoka_2/friss.html,2025-02-04 14:12:54,True
6891545,NVidia GeForce RTX 3080 10GB Founders Edition videókártya PG133A - 3 hó. garancia használt,False,159000,2025-02-04 16:43:00,True,https://hardverapro.hu/apro/nvidia_geforce_rtx_3080_10gb_founders_edition_vide_3/friss.html,2025-02-04 16:15:02,False
6891469,ASUS GeForce RTX 3080 10GB GDDR6X 320bit LHR (ROG-STRIX-RTX3080-O10G-V2-GAMING) Videokártya,False,180000,2025-02-04 15:52:00,True,https://hardverapro.hu/apro/asus_geforce_rtx_3080_10gb_gddr6x_320bit_lhr_rog-s_2/friss.html,2025-02-04 16:15:02,True
6891777,Asus Rog Strix 3080 10Gb,False,160000,2025-02-04 19:02:00,False,https://hardverapro.hu/apro/asus_rog_strix_3080_10gb/friss.html,2025-02-04 18:27:53,True
6892463,DELL GeForce RTX 3080 10GB MS-V389 videó kártya PG133A 3hó garancia,False,159000,2025-02-05 11:17:00,True,https://hardverapro.hu/apro/dell_geforce_rtx_3080_10gb_ms-v389_video_kartya_pg_2/friss.html,2025-02-05 10:20:04,True
6892402,AORUS RTX 3080 10G XTREME Waterforce videokártya,False,210000,2025-02-05 10:36:00,False,https://hardverapro.hu/apro/aorus_rtx_3080_10g_xtreme_waterforce_videokartya_2/friss.html,2025-02-05 10:20:04,True
6892324,Nvidia 3080 Founder Edition eladó,False,160000,2025-02-05 09:26:00,True,https://hardverapro.hu/apro/nvidia_3080_founder_edition_elado/friss.html,2025-02-05 10:20:04,True
6892571,Gainward Phantom RTX 3080 Ti 12GB / AKÁR 12H GARANCIA/ BESZÁMÍTÁS,True,207000,2025-02-05 12:17:00,True,https://hardverapro.hu/apro/gainward_phantom_rtx_3080_ti_12gb_akar_12h_garanci/friss.html,2025-02-05 13:15:54,True
6893410,MSI GeForce RTX 3080 Ti SUPRIM X 12GB GDDR6,True,100000,2025-02-05 20:43:00,False,https://hardverapro.hu/apro/msi_geforce_rtx_3080_ti_suprim_x_12gb_gddr6/friss.html,2025-02-05 20:19:47,True
6893353,MSI GeForce RTX 3080 10GB GDDR6X Ventus 3X PCIE,False,200000,2025-02-05 20:06:00,True,https://hardverapro.hu/apro/msi_geforce_rtx_3080_10gb_gddr6x_ventus_3x_pcie/friss.html,2025-02-05 20:19:47,True
6893538,EVGA RTX 3080 FTW3 ULTRA GAMING (10G-P5-3897),False,179990,2025-02-05 22:22:00,True,https://hardverapro.hu/apro/evga_rtx_3080_ftw3_ultra_gaming_10g-p5-3897_3/friss.html,2025-02-05 22:15:24,True
6894692,Asus rog strix 3080ti 12gb oc,True,250000,2025-02-06 19:09:00,True,https://hardverapro.hu/apro/asus_rog_strix_3080ti_12gb_oc_2/friss.html,2025-02-06 18:28:02,True
6894800,Asus ROG STRIX RTX 3080 10GB LHR,False,180000,2025-02-06 20:24:00,True,https://hardverapro.hu/apro/asus_rog_strix_3080_10gb_lhr/friss.html,2025-02-06 20:19:03,True
6894733,ASUS TUF-RTX3080-O10G-V2-GAMING (LHR),False,170000,2025-02-06 19:34:00,True,https://hardverapro.hu/apro/asus_tuf-rtx3080-o10g-v2-gaming_lhr/friss.html,2025-02-06 20:19:03,True
6894935,Gigabyte RTX 3080 Vision OC 10gb,False,199999,2025-02-06 23:14:00,False,https://hardverapro.hu/apro/gigabyte_rtx_3080_vision_oc_10gb_4/friss.html,2025-02-06 22:15:29,True
6895032,MSI Suprim X RTX3080 10Gb,False,170000,2025-02-07 08:08:00,True,https://hardverapro.hu/apro/msi_suprim_x_rtx3080_10gb/friss.html,2025-02-07 08:10:29,True
6895298,Gigabyte Aorus Gaming Box RTX 3080 eGPU vizhutessel,False,179000,2025-02-07 11:42:00,True,https://hardverapro.hu/apro/gigabyte_aorus_gaming_box_rtx_3080_egpu_vizhutesse/friss.html,2025-02-07 11:16:56,True
6895546,ASUS TUF Gaming GeForce RTX 3080 Ti 12GB OC,True,230000,2025-02-07 14:13:00,True,https://hardverapro.hu/apro/asus_tuf_gaming_geforce_rtx_3080_ti_12gb_oc/friss.html,2025-02-07 13:15:15,True
6895368,12 GB-os RTX 3080 Ti (OEM HP) - üzletből garanciával,True,179900,2025-02-07 12:33:00,True,https://hardverapro.hu/apro/12_gb-os_rtx_3080_ti_oem_hp_uzletbol_garanciaval/friss.html,2025-02-07 13:15:15,True
6896029,RTX 3080 Founders Edition 10GB,False,164990,2025-02-07 19:25:00,True,https://hardverapro.hu/apro/rtx_3080_founders_edition_10gb_3/friss.html,2025-02-07 18:27:44,True
6897552,Asus Tuf RTX 3080 10Gb,False,154000,2025-02-08 19:54:00,True,https://hardverapro.hu/apro/asus_tuf_rtx_3080_10gb_7/friss.html,2025-02-08 20:17:12,True
6897545,MSI Suprim X RTX 3080 10Gb,False,170000,2025-02-08 19:50:00,False,https://hardverapro.hu/apro/msi_suprim_x_rtx_3080_10gb_3/friss.html,2025-02-08 20:17:12,True
6897767,Eladó MSI 3080 VENTUS 3X PLUS 10 GB OC LHR www.alza.hu-s 2025.12.28-ig garanciával,False,205000,2025-02-08 23:30:00,True,https://hardverapro.hu/apro/elado_msi_3080_ventus_3x_plus_10_gb_oc_lhr_www_alz/friss.html,2025-02-09 06:19:40,True
6898769,MSI Geforce RTX 3080 TI SUPRIM X 12G GARANCIÁLIS,True,270000,2025-02-09 16:41:00,True,https://hardverapro.hu/apro/msi_geforce_rtx_3080_ti_suprim_x_12g_5/friss.html,2025-02-09 16:12:57,True
6899369,MSI GEFORCE RTX 3080TI GAMING X TRIO LHR 12 GB,True,249999,2025-02-09 21:51:00,False,https://hardverapro.hu/apro/msi_geforce_rtx_3080ti_gaming_x_trio_lhr_12_gb_2/friss.html,2025-02-09 22:14:33,True
6899368,MSI GEFORCE RTX 3080 TI SUPRIM X LHR 12GB,True,249999,2025-02-09 21:48:00,True,https://hardverapro.hu/apro/msi_geforce_rtx_3080_ti_suprim_x_lhr_12gb_2/friss.html,2025-02-09 22:14:33,True
6902011,GIGABYTE Geforce RTX 3080Ti Gaming OC 12G,True,215000,2025-02-11 16:15:00,True,https://hardverapro.hu/apro/gigabyte_geforce_rtx_3080ti_gaming_oc_12g/friss.html,2025-02-11 16:16:28,True
6901204,EVGA GeForce RTX 3080 FTW3 ULTRA GAMING (10GB) Eladó!,False,160000,2025-02-11 15:50:00,True,https://hardverapro.hu/apro/evga_geforce_rtx_3080_ftw3_ultra_gaming_10gb_elado/friss.html,2025-02-11 16:16:28,True
6901776,BESZÁMÍTÁS! GAINWARD PHANTOM RTX 3080 10GB GDDR6X videokártya garanciával hibátlan működéssel,False,179900,2025-02-11 14:27:00,True,https://hardverapro.hu/apro/beszamitas_gainward_phantom_rtx_3080_10gb_gddr6x_v/friss.html,2025-02-11 16:16:28,True
6901094,MSI GeForce RTX 3080 GAMING Z TRIO 10G,False,160000,2025-02-11 10:13:00,True,https://hardverapro.hu/apro/msi_geforce_rtx_3080_gaming_z_trio_10g_4/friss.html,2025-02-11 16:16:28,True
6900032,EVGA GeForce FTW3 ULTRA HYBRID RTX 3080 10GB GDDR6X,False,169000,2025-02-10 17:13:00,False,https://hardverapro.hu/apro/evga_geforce_ftw3_ultra_hybrid_rtx_3080_10gb_gddr6/friss.html,2025-02-11 16:16:28,True
6902176,EVGA FTW3 RTX3080 10Gb,False,160000,2025-02-11 17:41:00,True,https://hardverapro.hu/apro/evga_ftw3_rtx3080_10gb_8/friss.html,2025-02-11 18:27:24,True
6902842,"""HÓFEHÉR SZÉPSÉG!"" - GIGABYTE RTX 3080 10GB GDDR6X VISION OC 10G (rev. 2.0 LHR) - Mint az ÚJ! HŰVŐS!",False,199990,2025-02-12 09:09:00,False,https://hardverapro.hu/apro/hofeher_szepseg_gigabyte_rtx_3080_10gb_gddr6x_visi/friss.html,2025-02-12 08:10:39,True
6903367,Gainward 3080 phantom+ 10GB LHR,False,168500,2025-02-12 14:18:00,False,https://hardverapro.hu/apro/gainward_3080_phantom_10gb_lhr/friss.html,2025-02-12 14:13:10,True
6903466,MSI GeForce RTX 3080 SUPRIM X 10GB GDDR6X,False,200000,2025-02-12 15:15:00,True,https://hardverapro.hu/apro/msi_geforce_rtx_3080_suprim_x_10gb_gddr6x_2/friss.html,2025-02-12 16:15:41,True
6903992,Asus Tuf Gaming Oc Nvidia Geforce RTX3080,False,198980,2025-02-12 21:49:00,True,https://hardverapro.hu/apro/asus_oc_nvidia_geforce_rtx3080/friss.html,2025-02-12 22:14:50,True
6904482,MSI GeForce RTX 3080 Ti GAMING X TRIO 12G,True,190000,2025-02-13 12:14:00,True,https://hardverapro.hu/apro/msi_geforce_rtx_3080_ti_gaming_x_trio_12g/friss.html,2025-02-13 11:17:11,True
6891167,MSI GeForce RTX 3080TI Ventus 3x12Gb Videokártya,True,220000,2025-02-06 00:00:00,False,https://hardverapro.hu/apro/msi_geforce_rtx_3080ti_ventus_3x12gb_videokartya_2/friss.html,2025-02-13 11:17:11,True
6904597,JEGELVE! STRIX 3080,False,180000,2025-02-13 14:05:00,True,https://hardverapro.hu/apro/jegelve_strix_3080/friss.html,2025-02-13 13:16:48,True
6904571,"HP Omen Geforce RTX 3080 ti 12GB GDDR6X videokártya - hibátlan, garanciális számlával",True,210000,2025-02-13 13:33:00,True,https://hardverapro.hu/apro/hp_omen_geforce_rtx_3080_ti_12gb_gddr6x_videokarty_2/friss.html,2025-02-13 13:16:48,True
6909516,"ÚJ, FELBONTOTT Gainward GeForce Phoenix RTX 3080 Ti 12GB GDDR6X 384bit Videókártya",True,310000,2025-02-16 19:16:00,False,https://hardverapro.hu/apro/uj_felbontott_gainward_geforce_phoenix_rtx_3080_ti/friss.html,2025-02-16 19:29:36,True
6909445,MSI GeForce RTX 3080 SUPRIM X 10GB,False,175000,2025-02-16 18:34:00,True,https://hardverapro.hu/apro/msi_geforce_rtx_3080_suprim_x_10gb_3/friss.html,2025-02-16 19:29:36,True
6909323,Nvidia RTX 3080 10GB Videókártya,False,155000,2025-02-16 17:27:00,True,https://hardverapro.hu/apro/nvidia_rtx_3080_10gb_videokartya/friss.html,2025-02-16 19:29:36,True
6909279,Palit Gamingpro Geforce RTX 3080TI 12GB,True,225000,2025-02-16 17:10:00,False,https://hardverapro.hu/apro/palit_gamingpro_geforce_rtx_3080ti_12gb/friss.html,2025-02-16 19:29:36,True
6907171,"Zotac RTX 3080 Trinity OC 10GB Dobozos, vga támasztóval!",False,180000,2025-02-16 09:25:00,False,https://hardverapro.hu/apro/zotac_rtx_3080_trinity_oc_10gb_dobozos_vga_tamaszt_2/friss.html,2025-02-16 19:29:36,True
6905355,MSI 3080 VENTUS 3X PLUS 10 GB OC LHR,False,155000,2025-02-15 04:56:00,True,https://hardverapro.hu/apro/msi_3080_ventus_3x_plus_10_gb_oc_lhr/friss.html,2025-02-16 19:29:36,True
6904529,Gainward Phantom Nvidia Geforce RTX 3080 Prémium Vga Best Buy,False,189888,2025-02-14 00:00:00,False,https://hardverapro.hu/apro/gainward_nvidia_geforce_rtx_3080_premium_vga_best/friss.html,2025-02-16 19:29:36,False
6906326,RTX 3080 - Founders Edition 10GB - INGYEN POSTA!,False,135000,2025-02-14 00:00:00,True,https://hardverapro.hu/apro/rtx_3080_founders_edition_10gb_ingyen_posta/friss.html,2025-02-16 19:29:36,True
6910818,ASUS TUF OC RTX 3080 10GB,False,200000,2025-02-17 16:38:00,True,https://hardverapro.hu/apro/asus_tuf_oc_rtx_3080_10gb/friss.html,2025-02-17 16:15:27,True
6911076,ASUS TUF Gaming GeForce RTX 3080 Ti OC 12GB / AKÁR 12H GARANCIA/ BESZÁMÍTÁS,True,205000,2025-02-17 18:43:00,True,https://hardverapro.hu/apro/asus_tuf_gaming_geforce_rtx_3080_ti_oc_12gb_akar_1/friss.html,2025-02-17 18:27:49,True
6911001,Manli GeForce RTX 3080 12GB LHR / AKÁR 12H GARANCIA/ BESZÁMÍTÁS,False,162000,2025-02-17 18:06:00,True,https://hardverapro.hu/apro/manli_geforce_rtx_3080_12gb_lhr/friss.html,2025-02-17 18:27:49,True
6910985,EVGA nVidia RTX 3080 FTW3 10GB Videókártya,False,160000,2025-02-17 17:57:00,True,https://hardverapro.hu/apro/evga_nvidia_rtx_3080_10gb_videokartya/friss.html,2025-02-17 18:27:49,True
6911198,EVGA GeForce RTX 3080 FTW3 ULTRA GAMING (10GB) Videókártya Eladó!,False,190000,2025-02-17 20:09:00,True,https://hardverapro.hu/apro/evga_geforce_rtx_3080_ftw3_ultra_gaming_10gb_video/friss.html,2025-02-17 20:18:57,True
6911506,ASUS ROG STRIX GeForce RTX 3080 10GB V2 OC Edition Kitűnő gyári értékek!,False,199000,2025-02-18 02:15:00,True,https://hardverapro.hu/apro/asus_rog_strix_rtx_3080_10gb_oc_edition_v2_kituno/friss.html,2025-02-18 06:21:33,True
6911784,MSI Suprim-x RTX 3080 10GB,False,165000,2025-02-18 10:52:00,False,https://hardverapro.hu/apro/msi_suprim-x_rtx_3080_10gb/friss.html,2025-02-18 10:20:45,True
6912430,GIGABYTE RTX3080TI - GAMING OC 12G eladó,True,200000,2025-02-18 17:36:00,True,https://hardverapro.hu/apro/gigabyte_rtx3080ti_gaming_oc_12g_elado/friss.html,2025-02-18 18:29:15,True
6912950,FE 3080Ti,True,200000,2025-02-18 23:17:00,True,https://hardverapro.hu/apro/fe_3080ti/friss.html,2025-02-19 06:22:01,True
6913337,Nvidia GeForce rtx 3080 Ti,True,175000,2025-02-19 11:44:00,True,https://hardverapro.hu/apro/nvidia_geforce_rtx_3080_ti_2/friss.html,2025-02-19 11:17:36,True
6913330,Nvidia GeForce rtx 3080,False,145000,2025-02-19 11:38:00,True,https://hardverapro.hu/apro/nvidia_geforce_rtx_3080_3/friss.html,2025-02-19 11:17:36,True
6913429,EVGA RTX 3080 FTW3 ULTRA 10GB GDDR6X,False,174990,2025-02-19 12:38:00,True,https://hardverapro.hu/apro/evga_rtx_3080_ftw3_ultra_10gb_gddr6x_2/friss.html,2025-02-19 13:16:31,True
6914016,EVGA FTW3 RTX3080 10Gb,False,160000,2025-02-19 18:36:00,False,https://hardverapro.hu/apro/evga_ftw3_rtx3080_10gb_9/friss.html,2025-02-19 18:28:07,True
6914242,EVGA RTX 3080 XC3 ULTRA + EK-Quantum Vector2 blokk (vízhűtött),False,220000,2025-02-19 21:09:00,False,https://hardverapro.hu/apro/evga_rtx_3080_xc3_ultra_ek-quantum_vector2_blokk_v/friss.html,2025-02-19 20:19:59,False
6914299,KFA2 RTX 3080 Ti SG 1-Click OC 12G videokártya garanciával,True,205000,2025-02-19 22:06:00,True,https://hardverapro.hu/apro/kfa2_rtx_3080_ti_sg_1-click_oc_12g_videokartya_gar/friss.html,2025-02-19 22:15:06,True
6914766,"Manli RTX3080 csavarmatricás, hibátlan",False,165000,2025-02-20 11:48:00,True,https://hardverapro.hu/apro/manli_rtx3080_csavarmatricas_hibatlan/friss.html,2025-02-20 11:17:38,True
6914725,GIGABYTE GeForce RTX 3080 VISION OC 10GB GDDR6X 320bit,False,188888,2025-02-20 11:22:00,True,https://hardverapro.hu/apro/gigabyte_geforce_rtx_3080_vision_oc_10gb_gddr6x_32_3/friss.html,2025-02-20 11:17:38,True
6917172,"""HÓFEHÉR SZÉPSÉG"" - GIGABYTE RTX 3080 10GB GDDR6X VISION OC 10G",False,199990,2025-02-22 07:50:00,False,https://hardverapro.hu/apro/hofeher_szepseg_gigabyte_rtx_3080_10gb_gddr6x_visi_2/friss.html,2025-02-22 07:06:37,True
6917728,BESZÁMÍTÁS! ASUS ROG STRIX RTX 3080 10GB videokártya garanciával hibátlan működéssel,False,199900,2025-02-22 14:02:00,True,https://hardverapro.hu/apro/beszamitas_asus_rog_strix_rtx_3080_10gb_videokarty/friss.html,2025-02-22 13:12:17,True
6917931,"ÚJ, Bontatlan Asus TUF RTX 3080 10GB OC GDDR6X videokártya! BeszámítOK",False,220000,2025-02-22 16:16:00,True,https://hardverapro.hu/apro/uj_bontatlan_asus_tuf_rtx_3080_10gb_oc_gddr6x_vide/friss.html,2025-02-22 16:13:18,False
6918100,MSI GeForce RTX 3080 SUPRIM X 10GB,False,230000,2025-02-22 17:58:00,True,https://hardverapro.hu/apro/msi_geforce_rtx_3080_suprim_x_10gb_4/friss.html,2025-02-22 18:26:15,True
6918298,MSI GeForce RTX 3080 Ti SUPRIM X 12G,True,250000,2025-02-22 19:54:00,True,https://hardverapro.hu/apro/msi_geforce_rtx_3080_ti_suprim_x_12g_6/friss.html,2025-02-22 20:17:44,True
6918460,Msi 3080Ti Suprim X 12GB LHR LEGSZEBB,True,250000,2025-02-22 22:32:00,False,https://hardverapro.hu/apro/msi_3080ti_suprim_x_12gb_lhr_legszebb/friss.html,2025-02-22 22:13:45,True
6918440,Manli Gallardo RTX 3080 Ti 12GB GDDR6X 384bit,True,199990,2025-02-22 22:05:00,False,https://hardverapro.hu/apro/manli_gallardo_rtx_3080_ti_12gb_gddr6x_384bit/friss.html,2025-02-22 22:13:45,True
6918604,"Asus Rog Strix 3080TI 12GB OC - Akár ""MAI"" átvétellel is!!!!",True,280000,2025-02-23 07:44:00,True,https://hardverapro.hu/apro/asus_rog_strix_3080ti_12gb_oc_akar_mai_atvetellel/friss.html,2025-02-23 07:07:32,True
6918641,Asus ROG Strix 3080 10GB,False,192000,2025-02-23 08:20:00,True,https://hardverapro.hu/apro/asus_rog_strix_3080_10gb_3/friss.html,2025-02-23 08:09:32,True
6918719,Manli GeForce RTX 3080 10GB LHR / AKÁR 12H GARANCIA/ BESZÁMÍTÁS,False,162000,2025-02-23 09:26:00,False,https://hardverapro.hu/apro/manli_geforce_rtx_3080_10gb_lhr_akar_12h_garancia/friss.html,2025-02-23 10:19:39,True
6919154,MSI RTX 3080 Suprim X 10GB eladó,False,150000,2025-02-23 13:13:00,True,https://hardverapro.hu/apro/msi_rtx_3080_suprim_x_10gb_elado_3/friss.html,2025-02-23 13:12:42,True
6919072,Evga XC3 Ultra RTX 3080 még bolti garanciával.,False,159999,2025-02-23 12:27:00,True,https://hardverapro.hu/apro/evga_xc3_ultra_rtx_3080_meg_bolti_garanciaval/friss.html,2025-02-23 13:12:42,True
6919390,EVGA RTX3080TI - FTW3 ULTRA GAMING - 12G,True,250000,2025-02-23 15:00:00,True,https://hardverapro.hu/apro/evga_rtx3080ti_ftw3_ultra_gaming_12g/friss.html,2025-02-23 14:12:53,True
6919844,Asus TUF 3080 10GB,False,180000,2025-02-23 18:41:00,True,https://hardverapro.hu/apro/asus_tuf_3080_10gb/friss.html,2025-02-23 18:25:58,True
6920141,ROG STRIX RTX3080-O10G-V2-GAMING,False,195000,2025-02-23 21:54:00,True,https://hardverapro.hu/apro/rog_strix_rtx3080-o10g-v2-gaming/friss.html,2025-02-23 22:14:04,True
6920289,EVGA RTX 3080 FTW3 Ultra 10GB - ezt vedd meg,False,170000,2025-02-24 01:58:00,True,https://hardverapro.hu/apro/evga_rtx_3080_ftw3_ultra_10gb_ezt_vedd_meg/friss.html,2025-02-24 06:23:30,True
6920287,ASUS GeForce RTX 3080 10GB GDDR6X,False,190000,2025-02-24 01:36:00,False,https://hardverapro.hu/apro/asus_geforce_rtx_3080_10gb_gddr6x_2/friss.html,2025-02-24 06:23:30,True
6920541,MSI Suprim X RTX3080 10Gb,False,165000,2025-02-24 10:20:00,True,https://hardverapro.hu/apro/msi_suprim_x_rtx3080_10gb_2/friss.html,2025-02-24 10:21:53,True
6921364,MSI SUPRIM RTX 3080 12GB,False,200000,Előresorolva,True,https://hardverapro.hu/apro/msi_suprim_rtx_3080_12gb/friss.html,2025-02-24 18:29:33,True
6921350,ZOTAC RTX 3080 AMP Holo 10GB GDDR6X 320bit,False,154990,2025-02-24 18:09:00,True,https://hardverapro.hu/apro/zotac_rtx_3080_amp_holo_10gb_gddr6x_320bit_2/friss.html,2025-02-24 18:29:33,True
6921584,Gigabyte Gaming RTX3080Ti,True,205000,2025-02-24 20:09:00,True,https://hardverapro.hu/apro/gigabyte_gaming_rtx3080ti/friss.html,2025-02-24 20:20:27,True
6921571,Gigabyte Gaming RTX3080,False,150000,2025-02-24 20:05:00,True,https://hardverapro.hu/apro/gigabyte_gaming_rtx3080/friss.html,2025-02-24 20:20:27,True
6921891,Evga xc3 3080,False,128000,2025-02-25 07:21:00,True,https://hardverapro.hu/apro/evga_xc3_3080_2/friss.html,2025-02-25 06:22:24,True
6922324,"Asus Strix 3080 LHR 10gb White, LED hiba",False,190000,2025-02-25 12:36:00,True,https://hardverapro.hu/apro/asus_strix_3080_lhr_10gb_white_led_hiba/friss.html,2025-02-25 13:17:55,True
6922862,GeForce RTX 3080 Founders Edition 10GB / AKÁR 12H GARANCIA/ BESZÁMÍTÁS,False,165000,2025-02-25 18:19:00,True,https://hardverapro.hu/apro/geforce_rtx_3080_founders_edition_10gb_akar_12h_ga/friss.html,2025-02-25 18:29:41,True
6923170,SUPRIMX 3080TI,True,229999,2025-02-25 21:52:00,True,https://hardverapro.hu/apro/suprimx_3080ti_2/friss.html,2025-02-25 22:15:27,True
6923659,ZOTAC RTX 3080 10GB GDDR6X Trinity,False,145000,2025-02-26 12:11:00,False,https://hardverapro.hu/apro/zotac_rtx_3080_10gb_gddr6x_trinity_2/friss.html,2025-02-26 11:18:41,True
6924123,MSI Suprim X RTX3080 10Gb,False,170000,2025-02-26 17:10:00,False,https://hardverapro.hu/apro/msi_suprim_x_rtx3080_10gb_3/friss.html,2025-02-26 16:16:28,True
6925239,"ASUS TUF 3080 OC 10 GB friss paszta és thermal padok, új ventik",False,179000,2025-02-27 14:03:00,True,https://hardverapro.hu/apro/asus_tuf_3080_oc_10_gb_friss_paszta_es_thermal_pad/friss.html,2025-02-27 13:18:40,True
6925304,Manli GeForce RTX 3080 Ti 12GB Garanciával!,True,199500,2025-02-27 14:49:00,False,https://hardverapro.hu/apro/manli_geforce_rtx_3080_ti_12gb_4/friss.html,2025-02-27 14:13:46,True
6895815,MSI RTX 3080 Gaming Z Trio 10GB LHR !!! Hibátlan állapotban,False,180000,2025-02-27 15:53:00,False,https://hardverapro.hu/apro/msi_rtx_3080_gaming_z_trio_10gb_lhr_hibatlan_allap/friss.html,2025-02-27 16:16:46,True
6925370,ZOTAC RTX 3080 AMP Holo 10GB GDDR6X,False,144990,2025-02-27 15:34:00,False,https://hardverapro.hu/apro/zotac_rtx_3080_amp_holo_10gb_gddr6x/friss.html,2025-02-27 16:16:46,True
6926745,"ZOTAC GAMING GeForce RTX 3080 Trinity, 10GB, 3hónap gar",False,165000,2025-02-28 15:22:00,True,https://hardverapro.hu/apro/zotac_gaming_geforce_rtx_3080_trinity_10gb_3honap/friss.html,2025-02-28 16:15:47,True
6926997,Nvidia GeForce RTX 3080 FE 10GB Granciával!!,False,185500,2025-02-28 18:09:00,False,https://hardverapro.hu/apro/nvidia_geforce_rtx_3080_fe_10gb_granciaval/friss.html,2025-02-28 18:29:26,False
6927330,nVidia GeForce RTX 3080 FE 10GB,False,175000,2025-02-28 22:50:00,True,https://hardverapro.hu/apro/nvidia_geforce_rtx_3080_fe_10gb_2/friss.html,2025-02-28 22:15:18,True
6927323,"ASUS TUF GeForce RTX 3080 GAMING V2 O10G az Alzán. 0 perces, 2 év gar.",False,185990,2025-02-28 22:39:00,False,https://hardverapro.hu/apro/asus_tuf_geforce_rtx_3080_gaming_v2_o10g_az_alzan/friss.html,2025-02-28 22:15:18,True
6927715,MSI RTX 3080 Suprim X 10G,False,165000,2025-03-01 11:35:00,True,https://hardverapro.hu/apro/msi_rtx_3080_suprim_x_10g_8/friss.html,2025-03-01 11:16:14,True
6928865,Csavarmatricás EVGA RTX 3080 FTW3 ULTRA 10GB LHR!,False,165000,2025-03-02 08:58:00,True,https://hardverapro.hu/apro/csavarmatricas_evga_rtx_3080_ftw3_ultra_10gb_lhr/friss.html,2025-03-02 08:09:28,True
6928925,Zotac RTX 3080 10GB,False,170000,2025-03-02 09:51:00,False,https://hardverapro.hu/apro/zotac_rtx_3080_10gb_2/friss.html,2025-03-02 10:19:50,True
6929443,ASUS TUF GeForce RTX 3080 GAMING 10G eladó!,False,169000,2025-03-02 14:14:00,False,https://hardverapro.hu/apro/asus_tuf_geforce_rtx_3080_gaming_10g_elado/friss.html,2025-03-02 14:13:19,False
6929623,Ritkaság! ROG-STRIX-RTX3080-O10G-WHITE-V2,False,195000,2025-03-02 16:00:00,True,https://hardverapro.hu/apro/rog-strix-rtx3080-o10g-white-v2_2/friss.html,2025-03-02 16:14:16,True
6929556,EVGA RTX 3080 FTW3 ULTRA,False,170000,2025-03-02 15:22:00,True,https://hardverapro.hu/apro/evga_rtx_3080_ftw3_ultra/friss.html,2025-03-02 16:14:16,True
6929872,RTX 3080 Suprim X,False,165000,2025-03-02 18:24:00,False,https://hardverapro.hu/apro/rtx_3080_suprim_x_4/friss.html,2025-03-02 18:27:59,False
6930193,Rtx 3080 ti evga ftw3,True,250000,2025-03-02 22:43:00,False,https://hardverapro.hu/apro/rtx_3080_ti_evga_ftw3/friss.html,2025-03-02 22:15:35,False
6930221,Nividia RTX 3080TI 12GB,True,245000,2025-03-02 23:42:00,False,https://hardverapro.hu/apro/nividia_rtx_3080ti_12gb/friss.html,2025-03-03 06:23:35,False
6930359,GIGABYTE GeForce AORUS XTREME RTX 3080 10GB GDDR6X,False,200000,2025-03-03 08:58:00,False,https://hardverapro.hu/apro/gigabyte_geforce_aorus_xtreme_rtx_3080_10gb_gddr6x_2/friss.html,2025-03-03 08:12:10,True
6930349,MSI 3080 10 g,False,180000,2025-03-03 08:44:00,False,https://hardverapro.hu/apro/msi_3080_10_g/friss.html,2025-03-03 08:12:10,False
6930456,Teljesen Új Asus TUF RTX3080 V2,False,210000,2025-03-03 10:12:00,False,https://hardverapro.hu/apro/teljesen_uj_asus_tuf_rtx3080_v2/friss.html,2025-03-03 10:22:17,True
6931072,Eladó GIGABYTE GeForce RTX 3080 GAMING OC 10G videókártyám!,False,180000,2025-03-03 16:02:00,True,https://hardverapro.hu/apro/elado_gigabyte_geforce_rtx_3080_gaming_oc_10g_vide/friss.html,2025-03-03 16:15:54,True
6931397,NVIDIA GIGABYTE GeForce RTX 3080 10GB GRRR6X 320Bit OC LED Videokártya,False,159990,2025-03-03 19:17:00,True,https://hardverapro.hu/apro/nvidia_gigabyte_geforce_rtx_3080_10gb_grrr6x_320bi/friss.html,2025-03-03 18:28:18,True
6931345,Zotac RTX 3080 Trinity OC 10GB,False,155000,2025-03-03 18:49:00,True,https://hardverapro.hu/apro/zotac_rtx_3080_trinity_oc_10gb/friss.html,2025-03-03 18:28:18,True
6931317,EVGA GeForce RTX 3080 FTW3 ULTRA GAMING (10GB) eladó,False,175000,2025-03-03 18:33:00,True,https://hardverapro.hu/apro/evga_geforce_rtx_3080_ftw3_ultra_gaming_10gb_elado_2/friss.html,2025-03-03 18:28:18,True
6931509,Inno3d RTX 3080 10GB Ichill3,False,165000,2025-03-03 20:13:00,False,https://hardverapro.hu/apro/inno3d_rtx_3080_10gb_ichill3/friss.html,2025-03-03 20:20:22,True
6931697,GIGABYTE GeForce AORUS MASTER RTX 3080 10GB GDDR6X RGB LCD OC LED Videokártya,False,169990,2025-03-03 22:06:00,True,https://hardverapro.hu/apro/gigabyte_geforce_aorus_master_rtx_3080_10gb_gddr6x_3/friss.html,2025-03-03 22:15:32,True
6932323,GIGABYTE RTX 3080 EAGLE 10GB GDDR6X 320bit,False,157990,2025-03-04 13:31:00,False,https://hardverapro.hu/apro/gigabyte_rtx_3080_eagle_10gb_gddr6x_320bit/friss.html,2025-03-04 13:18:19,True
6932280,Bontatlan Asus TUF RTX 3080 10GB OC GDDR6X videokártya 2 év garancia!,False,214999,2025-03-04 13:08:00,False,https://hardverapro.hu/apro/bontatlan_asus_tuf_rtx_3080_10gb_oc_gddr6x_videoka/friss.html,2025-03-04 13:18:19,True
6932488,ZOTAC GAMING GeForce RTX 3080 Ti Trinity OC,True,240000,2025-03-04 15:24:00,False,https://hardverapro.hu/apro/zotac_gaming_geforce_rtx_3080_ti_trinity_oc_orxb/friss.html,2025-03-04 16:16:35,False
6932768,Asus TUF RTX 3080 V2 OC 2 év garancia,False,195000,2025-03-04 18:21:00,False,https://hardverapro.hu/apro/asus_tuf_rtx_3080_v2_oc_2ev_garancia/friss.html,2025-03-04 18:30:31,True
6932723,Manli RTX 3080Ti 12GB,True,205000,2025-03-04 17:53:00,False,https://hardverapro.hu/apro/manli_rtx_3080ti_12gb/friss.html,2025-03-04 18:30:31,False
6933272,MSI SUPRIM X RTX 3080Ti 12GB Pénzvisszafizetési garancia!,True,235000,2025-03-05 06:46:00,True,https://hardverapro.hu/apro/msi_suprim_x_rtx_3080ti_12gb_penzvisszafizetesi_ga/friss.html,2025-03-05 06:22:56,False
6933345,ASUS TUF GeForce RTX 3080 GAMING V2 O10G Bontatlan új 2 év gari,False,186000,2025-03-05 08:07:00,False,https://hardverapro.hu/apro/asus_tuf_geforce_rtx_3080_gaming_v2_o10g_bontatlan/friss.html,2025-03-05 07:08:03,False
6933763,"ASUS TUF GeForce RTX 3080 10GB OC GDDR6X 320bit LHR - 2ÉV GARIS, BONTATLAN!",False,214990,2025-03-05 13:28:00,False,https://hardverapro.hu/apro/asus_tuf_geforce_rtx_3080_10gb_oc_gddr6x_320bit_lh/friss.html,2025-03-05 13:18:27,True
6933727,MSI GeForce RTX 3080 10GB GDDR6X Ventus 3X PCIE,False,200000,2025-03-05 12:52:00,False,https://hardverapro.hu/apro/msi_geforce_rtx_3080_10gb_gddr6x_ventus_3x_pcie_2/friss.html,2025-03-05 13:18:27,False
6933899,NVIDIA Geforce RTX 3080 10 GB,False,180000,2025-03-05 14:45:00,False,https://hardverapro.hu/apro/nvidia_geforce_rtx_3080_10_gb/friss.html,2025-03-05 14:13:55,True
6934025,Gainward RTX 3080 Phoenix 10GB/GDDR6X 320bit,False,170000,2025-03-05 16:22:00,True,https://hardverapro.hu/apro/gainward_rtx_3080_phoenix_10gb_gddr6x_320bit_3/friss.html,2025-03-05 16:21:29,True
6934187,ASUS TUF GeForce RTX 3080 GAMING O10G,False,165000,2025-03-05 18:36:00,False,https://hardverapro.hu/apro/asus_tuf_geforce_rtx_3080_gaming_o10g/friss.html,2025-03-05 18:30:50,False
6934122,MSI RTX 3080 VENTUS PLUS 3X OC 10GB GDDR6X 320bit,False,159990,2025-03-05 17:51:00,False,https://hardverapro.hu/apro/msi_rtx_3080_ventus_plus_3x_oc_10gb_gddr6x_320bit/friss.html,2025-03-05 18:30:50,True
6934473,EVGA Geforce RTX 3080 FTW3 ultra 10 GB,False,165000,2025-03-05 21:57:00,False,https://hardverapro.hu/apro/evga_geforce_rtx_3080_ftw3_ultra_10_gb_2/friss.html,2025-03-05 22:15:55,True
6934534,"ZOTAC GAMING GeForce RTX 3080 Trinity, 10GB, 3hónap gar, áfás számla",False,169900,2025-03-06 00:02:00,True,https://hardverapro.hu/apro/zotac_gaming_geforce_rtx_3080_trinity_10gb_3honap_2/friss.html,2025-03-06 06:22:55,True
6935135,Aorus rtx 3080 master 10gb,False,160000,2025-03-06 13:32:00,True,https://hardverapro.hu/apro/aorus_rtx_3080_master_10gb/friss.html,2025-03-06 13:18:28,True
6935197,GIGABYTE RTX 3080 GAMING OC 10GB Garanciával!,False,178500,Előresorolva,False,https://hardverapro.hu/apro/gigabyte_rtx_3080_gaming_oc_10gb_garanciaval/friss.html,2025-03-06 18:29:36,False
6935203,ZOTAC RTX 3080 AMP Holo 10GB Garanciával!,False,178500,Előresorolva,False,https://hardverapro.hu/apro/zotac_rtx_3080_amp_holo_10gb_garanciaval/friss.html,2025-03-06 18:29:36,False
6935520,Asus TUF Gaming RTX 3080 10GB OC Edition NonLHR,False,175000,2025-03-06 18:00:00,False,https://hardverapro.hu/apro/asus_tuf_gaming_rtx_3080_10gb_oc_edition_nonlhr/friss.html,2025-03-06 18:29:36,False
6935459,Zotac RTX 3080 Trinity OC 10gb LHR,False,150000,2025-03-06 17:21:00,True,https://hardverapro.hu/apro/zotac_rtx_3080_trinity_oc_10gb_lhr/friss.html,2025-03-06 18:29:36,True
6935836,Eladó Gigabyte Geforce Rtx 3080 Gaming OC 10G videókártyám,False,168000,2025-03-06 22:23:00,False,https://hardverapro.hu/apro/elado_gigabyte_geforce_rtx_3080_gaming_oc_10g_vide_2/friss.html,2025-03-06 22:15:27,False
6936199,"ZOTAC HOLO RTX 3080 TI 12GB (dobozos, pasztázott, padozott) 3090-es szint",True,195000,Előresorolva,False,https://hardverapro.hu/apro/zotac_holo_rtx_3080_ti_12gb_dobozos_pasztazott_pad/friss.html,2025-03-07 10:21:30,True
6936228,EVGA Geforce RTX 3080 FTW3 ULTRA 10GB,False,165000,2025-03-07 11:03:00,True,https://hardverapro.hu/apro/evga_geforce_rtx_3080_ftw3_ultra_10gb_2/friss.html,2025-03-07 10:21:30,True
6936437,ASUS TUF GeForce RTX 3080 GAMING V2 O10G 2év Gar.,False,185000,2025-03-07 13:07:00,True,https://hardverapro.hu/apro/asus_tuf_geforce_rtx_3080_gaming_v2_o10g_2ev_gar/friss.html,2025-03-07 13:17:44,False
6936551,Gainward Phoenix RTX 3080 10GB DOBOZOS,False,150000,2025-03-07 14:20:00,True,https://hardverapro.hu/apro/gainward_phoenix_rtx_3080_10gb_dobozos/friss.html,2025-03-07 14:13:34,True
6936674,Eladó egy Gigabyte 3080Ti Eagle 12G,True,240000,2025-03-07 16:16:00,False,https://hardverapro.hu/apro/elado_egy_gigabyte_3080ti_eagle_12g/friss.html,2025-03-07 16:15:41,False
6937040,MSI SUPRIM X 3080 10GB GDDR6X LHR,False,200000,2025-03-07 20:33:00,False,https://hardverapro.hu/apro/msi_suprim_x_3080_10gb_gddr6x_lhr/friss.html,2025-03-07 20:19:57,False
6937002,MSI RTX 3080 Gaming Z Trio 10GB LHR !!! Hibátlan állapotban,False,175000,2025-03-07 19:57:00,True,https://hardverapro.hu/apro/msi_rtx_3080_gaming_z_trio_10gb_lhr_hibatlan_allap_2/friss.html,2025-03-07 20:19:57,True
6937242,MSI Suprim X RTX3080 10Gb,False,160000,2025-03-08 02:54:00,False,https://hardverapro.hu/apro/msi_suprim_x_rtx3080_10gb_4/friss.html,2025-03-08 06:17:42,True
6937509,Gainward GeForce RTX 3080 Ti 12GB GDDR6X eladó akár beszámítással is,True,209990,2025-03-08 11:04:00,False,https://hardverapro.hu/apro/gainward_geforce_rtx_3080_ti_12gb_gddr6x_elado_aka/friss.html,2025-03-08 10:16:42,True
6937471,Palit GeForce RTX 3080 GamingPro OC 10G + ventik,False,145000,2025-03-08 10:36:00,True,https://hardverapro.hu/apro/palit_geforce_rtx_3080_gamingpro_oc_10g_ventik/friss.html,2025-03-08 10:16:42,True
6938061,RTX 3080 10GB Founders Edition,False,150000,2025-03-08 17:50:00,True,https://hardverapro.hu/apro/rtx_3080_10gb_founders_edition/friss.html,2025-03-08 18:22:33,True
6938313,eVGA RTX3080 Ti 12GB FTW3 ULTRA,True,275000,2025-03-08 21:17:00,False,https://hardverapro.hu/apro/evga_rtx3080_ti_12gb_ftw3_ultra/friss.html,2025-03-08 22:12:49,False
6939012,"ASUS TUF GeForce RTX 3080 GAMING V2 O10G új, bontatlan, 2 év gari",False,180000,2025-03-09 13:03:00,True,https://hardverapro.hu/apro/asus_tuf_geforce_rtx_3080_gaming_v2_o10g_uj_bontat/friss.html,2025-03-09 13:07:54,True
6939201,Zotac Geforce RTX 3080 Trinity OC,False,159990,2025-03-09 15:08:00,True,https://hardverapro.hu/apro/zotac_geforce_rtx_3080_trinity_oc_2/friss.html,2025-03-09 16:12:13,False
6939446,ASUS TUF RTX 3080 10GB LHR eladó,False,159999,2025-03-09 18:26:00,True,https://hardverapro.hu/apro/asus_tuf_rtx_3080_10gb_lhr_elado/friss.html,2025-03-09 18:22:10,True
6939503,Zotac RTX 3080 AMP Holo 10GB,False,169000,2025-03-09 18:20:00,False,https://hardverapro.hu/apro/zotac_rtx_3080_amp_holo_10gb/friss.html,2025-03-09 18:22:10,False
6939774,Gigabyte RTX 3080 Gaming 10GB - GARI,False,159990,2025-03-09 21:10:00,False,https://hardverapro.hu/apro/gigabyte_rtx_3080_gaming_10gb_gari/friss.html,2025-03-09 20:18:01,True
6939875,Inno3D RTX 3080 TWIN X2 OC 10G videokártya garanciával,False,155000,2025-03-09 23:37:00,False,https://hardverapro.hu/apro/inno3d_rtx_3080_twin_x2_oc_10g_videokartya_garanci/friss.html,2025-03-10 06:19:04,True
6940204,"GIGABYTE RTX 3080 10GB GDDR6X GAMING OC 10G - Gyönyörű, hibátlan állapotban!",False,169990,2025-03-10 10:29:00,False,https://hardverapro.hu/apro/gigabyte_rtx_3080_10gb_gddr6x_gaming_oc_10g_gyonyo/friss.html,2025-03-10 10:19:06,True
6940082,Eladó INNO 3D 3080 Ti videókártya,True,200000,2025-03-10 09:16:00,True,https://hardverapro.hu/apro/elado_inno_3d_3080_ti_videokartya/friss.html,2025-03-10 10:19:06,True
6855184,Gigabyte RTX RTX 3080 OC 10GB /Jótállással!/Beszámítás!/ Posta ok!,False,174999,2025-03-10 14:03:00,False,https://hardverapro.hu/apro/zotac_rtx_3070_amp_holo_jotallassal_dobozos_beszam/friss.html,2025-03-10 13:19:41,False
6940785,EVGA GeForce XC3 ULTRA GAMING RTX 3080 Ti 12GB,True,225000,2025-03-10 16:21:00,True,https://hardverapro.hu/apro/evga_geforce_xc3_ultra_gaming_rtx_3080_ti_12gb/friss.html,2025-03-10 16:13:55,True
6941373,ELADÓ - MSI VENTUS 3X RTX 3080 10GB,False,160000,2025-03-10 22:16:00,True,https://hardverapro.hu/apro/elado_msi_ventus_3x_rtx_3080_10gb/friss.html,2025-03-10 22:15:43,True
6941529,MSI Suprim X RTX 3080 10GB,False,170000,2025-03-11 08:14:00,False,https://hardverapro.hu/apro/msi_suprim_x_rtx_3080_10gb_5/friss.html,2025-03-11 08:11:36,False
6941652,Inno3D RTX 3080 iCHILL X3 10GB GDDR6X - Dobozos,False,150000,2025-03-11 09:45:00,True,https://hardverapro.hu/apro/inno3d_rtx_3080_ichill_x3_10gb_gddr6x_dobozos/friss.html,2025-03-11 10:22:35,True
6942466,EVGA GeForce RTX 3080 FTW3 10GB BESZÁMÍTÁSSAL!,False,159990,2025-03-11 17:40:00,True,https://hardverapro.hu/apro/evga_geforce_rtx_3080_ftw3_ultra_gaming_10gb_5/friss.html,2025-03-11 18:30:45,True
6943214,ASUS TUF RTX3080 10Gb Új,False,185000,2025-03-12 08:57:00,False,https://hardverapro.hu/apro/asus_tuf_rtx3080_10gb_uj/friss.html,2025-03-12 08:11:10,False
6943200,"GIGABYTE AORUS 3080TI Xtreme, Igazi ritkaság!",True,280000,2025-03-12 08:49:00,False,https://hardverapro.hu/apro/gigabyte_aorus_3080ti_xtreme_igazi_ritkasag/friss.html,2025-03-12 08:11:10,False
6943807,Zotac Holo RTX3080 10Gb,False,165000,2025-03-12 15:07:00,True,https://hardverapro.hu/apro/zotac_holo_rtx3080_10gb/friss.html,2025-03-12 14:14:22,True
6944232,ASUS TUF GeForce RTX 3080 GAMING V2 O10G bontatlan dobozos új 3 év gar,False,175000,2025-03-12 19:27:00,False,https://hardverapro.hu/apro/asus_tuf_geforce_rtx_3080_gaming_v2_o10g_bontatlan_2/friss.html,2025-03-12 18:30:37,False
6944207,HP RTX 3080 10 GB GDDR6X 320 bit,False,154990,2025-03-12 19:17:00,True,https://hardverapro.hu/apro/hp_rtx_3080_10_gb_gddr6x_320_bit/friss.html,2025-03-12 18:30:37,True
6944321,MSI RTX 3080 Suprim X 12GB GDDR6X 384-bites,False,170000,2025-03-12 20:14:00,True,https://hardverapro.hu/apro/msi_rtx_3080_suprim_x_12gb_gddr6x_384-bites/friss.html,2025-03-12 20:20:44,True
6944631,ZOTAC GAMING GeForce RTX 3080 Trinity 10GB,False,169990,2025-03-13 07:50:00,False,https://hardverapro.hu/apro/zotac_gaming_geforce_rtx_3080_trinity_10gb/friss.html,2025-03-13 07:07:56,True
6946019,Gainward RTX 3080 Phoenix 10 Gddr6x,False,149999,2025-03-14 07:46:00,True,https://hardverapro.hu/apro/gainward_rtx_3080_phoenix_10_gddr6x/friss.html,2025-03-14 07:07:59,True
6946560,ASUS TUF Gaming GeForce RTX 3080 10GB Videokártya,False,160000,2025-03-14 13:49:00,False,https://hardverapro.hu/apro/asus_tuf_gaming_geforce_rtx_3080_10gb_videokartya/friss.html,2025-03-14 13:17:24,False
6946814,Gainward RTX 3080 10GB Phantom+,False,175000,2025-03-14 16:42:00,True,https://hardverapro.hu/apro/gainward_rtx_3080_10gb_phantom_2/friss.html,2025-03-14 16:15:51,False
6946985,RTX 3080TI Founders Edition,True,159999,2025-03-14 18:14:00,True,https://hardverapro.hu/apro/rtx_3080ti_founders_edition/friss.html,2025-03-14 18:29:11,False
6946903,MSI Ventus RTX 3080,False,145000,2025-03-14 18:04:00,True,https://hardverapro.hu/apro/msi_ventus_rtx_3080_2/friss.html,2025-03-14 18:29:11,True
6947104,EVGA RTX 3080 FTW3 ULTRA 10GB Eladó,False,160000,2025-03-14 19:40:00,True,https://hardverapro.hu/apro/evga_rtx_3080_ftw3_ultra_10gb_elado/friss.html,2025-03-14 20:19:47,True
6947265,Zotac RTX 3080 ti Trinity 12gb,True,230000,2025-03-14 22:23:00,False,https://hardverapro.hu/apro/zotac_rtx_3080_ti_trinity_12gb/friss.html,2025-03-14 22:15:14,False
6948077,Nvidia GeForce RTX 3080 Ti Founders Edition,True,260000,2025-03-15 14:26:00,False,https://hardverapro.hu/apro/nvidia_geforce_rtx_3080_ti_founders_edition_8/friss.html,2025-03-15 14:13:27,True
6948291,EVGA geforce rtx 3080TI xc3 ultra,True,180000,2025-03-15 16:27:00,True,https://hardverapro.hu/apro/evga_geforce_rtx_3080ti_xc3_ultra/friss.html,2025-03-15 16:13:54,True
6948462,Asus Rog strix gaming oc 3080,False,120000,2025-03-15 17:38:00,True,https://hardverapro.hu/apro/asus_rog_strix_gaming_oc_3080/friss.html,2025-03-15 18:27:29,True
6948721,Palit GeForce RTX 3080 GameRock 10GB GDDR6X 320bit OC RGB LED Videokártya,False,159990,2025-03-15 20:35:00,False,https://hardverapro.hu/apro/palit_geforce_rtx_3080_gamerock_10gb_gddr6x_320bit_2/friss.html,2025-03-15 20:18:39,True
6948825,MSI RTX 3080 Ti VENTUS 3X 12GB GDDR6X 384bit,True,169990,2025-03-15 21:42:00,False,https://hardverapro.hu/apro/msi_rtx_3080_ti_ventus_3x_12gb_gddr6x_384bit/friss.html,2025-03-15 22:15:37,True
6949000,RTX 3080,False,157000,2025-03-16 07:43:00,False,https://hardverapro.hu/apro/rtx_3080_rmxs/friss.html,2025-03-16 07:07:16,False
6949240,Zotac Trinity BlackHolo RTX 3080Ti 12GB DOBOZ,True,230000,2025-03-16 10:53:00,True,https://hardverapro.hu/apro/zotac_trinity_blackholo_rtx_3080ti_12gb_doboz/friss.html,2025-03-16 10:19:26,False
6949215,EVGA FTW3 RTX 3080Ti 12GB,True,225000,2025-03-16 10:39:00,False,https://hardverapro.hu/apro/evga_ftw3_rtx_3080ti_24gb/friss.html,2025-03-16 10:19:26,False
6949630,Zotac RTX 3080 Trinity OC 10GB,False,165000,2025-03-16 14:18:00,False,https://hardverapro.hu/apro/zotac_rtx_3080_trinity_oc_10gb_3/friss.html,2025-03-16 14:30:25,True
6949882,NVIDIA GeForce RTX 3080 Founders Edition 10GB GDDR6X,False,159990,2025-03-16 16:23:00,False,https://hardverapro.hu/apro/nvidia_geforce_rtx_3080_founders_edition_10gb_gddr_6/friss.html,2025-03-16 16:14:27,False
6949856,Asus TUF Gaming RTX 3080 12GB,False,200000,2025-03-16 16:09:00,False,https://hardverapro.hu/apro/asus_tuf_gaming_rtx_3080_12gb/friss.html,2025-03-16 16:14:27,False
6950181,Asus TUF Rtx 3080ti,True,240000,2025-03-16 19:17:00,False,https://hardverapro.hu/apro/asus_tuf_rtx_3080ti_2/friss.html,2025-03-16 18:27:49,False
6950497,EVGA RTX 3080 XC3 BLACK GAMING (frissen pasztázott és hőpadozott!),False,170000,2025-03-16 23:04:00,True,https://hardverapro.hu/apro/evga_rtx_3080_xc3_black_gaming_frissen_pasztazott/friss.html,2025-03-16 22:14:44,True
6950630,Zotac RTX 3080 Trinity OC 10GB,False,175800,2025-03-17 06:45:00,False,https://hardverapro.hu/apro/zotac_rtx_3080_trinity_oc_10gb_4/friss.html,2025-03-17 06:23:39,False
6950676,Gainward 3080 phantom+ 10GB LHR,False,158000,2025-03-17 08:01:00,False,https://hardverapro.hu/apro/gainward_3080_phantom_10gb_lhr_2/friss.html,2025-03-17 07:08:51,False
6950906,Asus ROG 3080 10GB,False,160000,2025-03-17 10:49:00,True,https://hardverapro.hu/apro/asus_rog_3080_10gb/friss.html,2025-03-17 10:23:02,True
6950765,EVGA RTX 3080 FTW3 Ultra 10GB,False,160000,2025-03-17 09:18:00,True,https://hardverapro.hu/apro/evga_rtx_3080_ftw3_ultra_10gb/friss.html,2025-03-17 10:23:02,True
6951280,Zotac Holo RTX3080 10Gb,False,160000,2025-03-17 14:37:00,False,https://hardverapro.hu/apro/zotac_holo_rtx3080_10gb_2/friss.html,2025-03-17 14:14:51,True
6952519,ASUS ROG STRIX RTX 3080 V2 GAMING OC,False,180000,2025-03-18 11:08:00,True,https://hardverapro.hu/apro/asus_rog_strix_rtx_3080_v2_gaming_oc/friss.html,2025-03-18 10:22:06,True
6952440,MSI RTX 3080 Ti VENTUS 3X 12G OC / GARANCIA / BESZÁMÍTÁS /,True,219999,2025-03-18 10:28:00,True,https://hardverapro.hu/apro/msi_rtx_3080_ti_ventus_3x_12g_oc_garancia_beszamit/friss.html,2025-03-18 10:22:06,False
6952364,Palit GamingPro RTX 3080 10GB DOBOZOS,False,150000,2025-03-18 09:47:00,True,https://hardverapro.hu/apro/palit_gamingpro_rtx_3080_10gb_dobozos/friss.html,2025-03-18 10:22:06,True
6952360,Gigabyte Vision OC RTX 3080Ti 12GB DOBOZOS,True,220000,2025-03-18 09:45:00,True,https://hardverapro.hu/apro/gigabyte_vision_oc_rtx_3080ti_12gb_dobozos/friss.html,2025-03-18 10:22:06,True
6952327,ASUS TUF RTX3080 10G GAMING OC,False,170000,2025-03-18 09:22:00,False,https://hardverapro.hu/apro/asus_tuf_rtx3080_10g_gaming_oc/friss.html,2025-03-18 10:22:06,False
6953178,ZOTAC GAMING GeForce RTX 3080 Trinity OC - 3 hó gari,False,144990,2025-03-18 17:55:00,False,https://hardverapro.hu/apro/zotac_gaming_geforce_rtx_3080_trinity_oc_4/friss.html,2025-03-18 18:31:02,True
6953153,"ZOTAC HOLO RTX 3080 TI 12GB (dobozos, pasztázott, padozott) 3090-es szint",True,195000,2025-03-18 17:40:00,False,https://hardverapro.hu/apro/zotac_holo_rtx_3080_ti_12gb_dobozos_pasztazott_pad_2/friss.html,2025-03-18 18:31:02,True
6953510,Palit GamingPro RTX 3080Ti 12GB,True,210000,2025-03-18 21:07:00,False,https://hardverapro.hu/apro/palit_gamingpro_rtx_3080ti_12gb_2/friss.html,2025-03-18 20:20:08,False
6953668,ROG Strix GeForce RTX 3080 12GB GDDR6X OC EVA Edition,False,220000,2025-03-18 23:19:00,False,https://hardverapro.hu/apro/rog_strix_geforce_rtx_3080_12gb_gddr6x_oc_eva_edit/friss.html,2025-03-19 06:23:03,False
6953813,LEGSZEBB! - GIGABYTE RTX 3080 10GB GDDR6X GAMING OC 10G,False,165000,2025-03-19 08:28:00,False,https://hardverapro.hu/apro/legszebb_gigabyte_rtx_3080_10gb_gddr6x_gaming_oc_1/friss.html,2025-03-19 08:11:30,False
6954577,AORUS RTX 3080 10G XTREME Waterforce videokártya,False,200000,2025-03-19 16:10:00,False,https://hardverapro.hu/apro/aorus_rtx_3080_10g_xtreme_waterforce_videokartya_3/friss.html,2025-03-19 16:16:40,False
6954959,MSI RTX 3080 Ti Bolti Garanciával,True,245000,2025-03-19 20:30:00,False,https://hardverapro.hu/apro/msi_rtx_3080_ti_bolti_garanciaval/friss.html,2025-03-19 20:20:56,False
6955107,Asus Tuf RTX 3080 Ti 12Gb OC,True,210000,2025-03-19 22:34:00,True,https://hardverapro.hu/apro/asus_tuf_rtx_3080_ti_12gb_oc/friss.html,2025-03-19 22:16:11,False
6955154,Asus ROG Strix RTX 3080 Ti 12GB,True,235000,2025-03-20 00:11:00,False,https://hardverapro.hu/apro/asus_rog_strix_rtx_3080_ti_12gb/friss.html,2025-03-20 06:22:52,True
6955260,PNY Geforce RTX 3080 10 GB GDDR6X XLR8 led,False,150000,2025-03-20 08:21:00,False,https://hardverapro.hu/apro/pny_geforce_rtx_3080_10_gb_gddr6x_xlr8_led/friss.html,2025-03-20 08:11:05,False
6955730,GEFORCE RTX 3080 OC,False,150000,2025-03-20 13:39:00,False,https://hardverapro.hu/apro/geforce_rtx_3080_oc/friss.html,2025-03-20 13:18:50,False
6956587,EVGA RTX 3080 FTW3 ULTRA Gaming,False,169990,2025-03-21 00:41:00,True,https://hardverapro.hu/apro/evga_rtx_3080_ftw3_ultra_gaming_3/friss.html,2025-03-21 06:24:45,True
6956746,MSI 3080 SUPRIM X 12G LHR,False,200000,2025-03-21 09:12:00,True,https://hardverapro.hu/apro/msi_3080_suprim_x_12g_lhr/friss.html,2025-03-21 10:21:38,True
6957074,Asus Geforce rtx 3080 strix white,False,180000,2025-03-21 13:02:00,False,https://hardverapro.hu/apro/asus_geforce_rtx_3080_strix_white/friss.html,2025-03-21 13:18:32,False
6957384,ZOTAC GAMING GeForce RTX 3080 Trinity 10GB videókártya!,False,154990,2025-03-21 16:41:00,True,https://hardverapro.hu/apro/zotac_gaming_geforce_rtx_3080_trinity_10gb_2/friss.html,2025-03-21 16:16:42,False
6958384,Gigabyte Aorus Gaming Box RTX 3080 eGPU,False,179990,2025-03-22 14:09:00,False,https://hardverapro.hu/apro/gigabyte_aorus_gaming_box_rtx_3080_egpu/friss.html,2025-03-22 13:14:12,False
6958454,EVGA RTX 3080 XC3 BLACK 10 Gb,False,150000,2025-03-22 13:42:00,False,https://hardverapro.hu/apro/evga_rtx_3080_xc3_black_10_gb/friss.html,2025-03-22 13:14:12,False
6958787,Eladó GeForce RTX 3080 Ti VENTUS 3X 12G OC!,True,189900,2025-03-22 17:07:00,True,https://hardverapro.hu/apro/elado_geforce_rtx_3080_ti_ventus_3x_12g_oc/friss.html,2025-03-22 16:14:10,False
6958720,RTX 3080FE,False,150000,2025-03-22 16:24:00,False,https://hardverapro.hu/apro/rtx_3080fe/friss.html,2025-03-22 16:14:10,False
6958650,Gainward rtx 3080 phoenix,False,145000,2025-03-22 15:44:00,False,https://hardverapro.hu/apro/gainward_rtx_3080_phoenix/friss.html,2025-03-22 16:14:10,False
6959388,GIGABYTE AORUS GeForce RTX 3080 XTREME 10G,False,200000,2025-03-23 08:00:00,False,https://hardverapro.hu/apro/gigabyte_aorus_geforce_rtx_3080_xtreme_10g_4/friss.html,2025-03-23 07:07:20,True
6960079,EVGA RTX 3080 10GB,False,175000,2025-03-23 14:34:00,False,https://hardverapro.hu/apro/evga_rtx_3080_10gb_2/friss.html,2025-03-23 14:11:58,False
6960516,Zotac RTX 3080,False,159000,Előresorolva,False,https://hardverapro.hu/apro/zotac_rtx_3080_2/friss.html,2025-03-23 18:28:01,True
6960537,EVGA RTX 3080 FTW3 Ultra Gaming 10Gb (LHR) - Granciális 2025.08.,False,199900,2025-03-23 19:20:00,False,https://hardverapro.hu/apro/evga_rtx_3080_ftw3_ultra_gaming_10gb_lhr_granciali_2/friss.html,2025-03-23 18:28:01,False
6960810,"GIGABYTE AORUS RTX 3080 XTREME (minimális hiba, frissen pasztázott és hőpadozott!)",False,100000,2025-03-23 22:32:00,True,https://hardverapro.hu/apro/gigabyte_aorus_rtx_3080_xtreme_minimalis_hiba_fris/friss.html,2025-03-23 22:16:15,False
6960746,Zotac RTX 3080 10GB videókártya dobozában eladó.,False,145000,2025-03-23 21:29:00,False,https://hardverapro.hu/apro/zotac_rtx_3080_10gb_videokartya_dobozaban_elado/friss.html,2025-03-23 22:16:15,True
6960868,Gainward Rtx 3080 phantom LHR 10Gb,False,170000,2025-03-23 23:55:00,False,https://hardverapro.hu/apro/gainward_rtx_3080_phantom_lhr_10gb/friss.html,2025-03-24 06:24:17,False
6962032,Gigabyte RTX 3080 Turbo 10GB - Beszámítok!,False,144990,2025-03-24 18:22:00,False,https://hardverapro.hu/apro/gigabyte_rtx_3080_turbo_10gb_beszamitok/friss.html,2025-03-24 18:31:18,False
6961992,Palit GameRock RTX 3080,False,169000,2025-03-24 17:53:00,False,https://hardverapro.hu/apro/palit_gamerock_rtx_3080/friss.html,2025-03-24 18:31:18,False
6962301,MSI GeForce RTX 3080 SUPRIM X 10GB GDDR6X,False,165000,2025-03-24 21:08:00,True,https://hardverapro.hu/apro/msi_geforce_rtx_3080_suprim_x_10gb_gddr6x_3/friss.html,2025-03-24 20:19:31,False
6962282,EVGA GeForce RTX 3080 FTW3 ULTRA GAMING,False,165000,2025-03-24 20:59:00,False,https://hardverapro.hu/apro/evga_geforce_rtx_3080_ftw3_ultra_gaming_7/friss.html,2025-03-24 20:19:31,False
6963628,ASUS TUF RTX 3080 Ti GAMING OC 12GB,True,210000,2025-03-25 20:11:00,False,https://hardverapro.hu/apro/asus_tuf_rtx_3080_ti_gaming_oc_12gb/friss.html,2025-03-25 20:21:25,False
6963851,ASUS TUF RTX3080TI eladó,True,210000,2025-03-25 23:28:00,False,https://hardverapro.hu/apro/asus_tuf_rtx3080ti_elado/friss.html,2025-03-26 06:23:15,False
6963984,Manli GeForce RTX 3080 Ti 12GB (M-NRTX3080TI/6RF) Videokártya,True,199000,2025-03-26 08:35:00,False,https://hardverapro.hu/apro/manli_geforce_rtx_3080_ti_12gb_m-nrtx3080ti_6rf_vi/friss.html,2025-03-26 08:11:32,False
6964414,Zotac RTX 3080 10GB videókártya dobozában eladó.,False,151000,2025-03-26 13:51:00,False,https://hardverapro.hu/apro/zotac_rtx_3080_10gb_videokartya_dobozaban_elado_2/friss.html,2025-03-26 13:20:44,False
6964358,RTX 3080 FE ELADÓ,False,165000,2025-03-26 12:52:00,False,https://hardverapro.hu/apro/rtx_3080_fe_elado/friss.html,2025-03-26 13:20:44,False
6965032,Asus rog strix 3080ti 12gb oc,True,280000,2025-03-26 20:05:00,False,https://hardverapro.hu/apro/asus_rog_strix_3080ti_12gb_oc_3/friss.html,2025-03-26 20:21:24,False
6965477,"Gainward RTX3080 10Gb, Phoenix",False,160000,2025-03-27 09:38:00,False,https://hardverapro.hu/apro/gainward_rtx3080_10gb/friss.html,2025-03-27 10:22:12,False
